{
    "pools": [
        {
            "rolls": 1,
            "entries": [
                {
                    "type": "item",
                    "weight": 1,
                    "name": "minecraft:player_head",
                    "quality": 1,
                    "functions": [
                        {
                            "function": "set_nbt",
                            "tag": "{RepairCost:999999,Unbreakable:1,display:{Name:'{\"translate\":\"luisb1202.functions.items.pechera_ectron.item.7\",\"color\":\"#987764\"}',Lore:['{\"translate\":\"empty\"}','{\"translate\":\"luisb1202.functions.items.glaivorus.item.8\"}','{\"translate\":\"empty\"}','{\"translate\":\"item.quartz.1.lore.7.1\"}','{\"translate\":\"empty\"}']},HideFlags:127,SkullOwner:{Id:[I;1883308891,-1848883088,-1551411942,1691079525],Properties:{textures:[{Value:\"eyJ0ZXh0dXJlcyI6eyJTS0lOIjp7InVybCI6Imh0dHA6Ly90ZXh0dXJlcy5taW5lY3JhZnQubmV0L3RleHR1cmUvMjU2MWM4MWUwOGIyMTdlYTU2YTBiNWRhZWQ4OWE1NzE0OWJhNjBiOTliZGMxZmJjNGM0OTYzYzI2MGM5ZWQ2NyJ9fX0=\"}]}},cabeza_ectron:1}"
                        }
                    ]
                }
            ]
        },
        {
            "rolls": 1,
            "entries": [
                {
                    "type": "item",
                    "weight": 1,
                    "name": "minecraft:iron_chestplate",
                    "quality": 1,
                    "functions": [
                        {
                            "function": "set_nbt",
                            "tag": "{RepairCost:999999,Unbreakable:1,display:{Name:'{\"translate\":\"luisb1202.functions.items.pechera_ectron.item.4\",\"color\":\"#75FFCD\"}',Lore:['{\"translate\":\"empty\"}','{\"translate\":\"luisb1202.functions.items.pechera_ectron.item.5\"}','{\"translate\":\"luisb1202.functions.items.pechera_ectron.item.6\"}','{\"translate\":\"empty\"}','{\"translate\":\"item.netherite_chestplate.2.lore.4.1\"}','{\"translate\":\"empty\"}']},HideFlags:127,forja:1,pechera_ectron_2:1}"
                        }
                    ]
                }
            ]
        }
        
    ]
}