{
    "pools": [
        {
            "rolls": 1,
            "entries": [
                {
                    "type": "item",
                    "weight": 1,
                    "name": "minecraft:player_head",
                    "quality": 1,
                    "functions": [
                        {
                            "function": "set_nbt",
                            "tag": "{gariheuz_mision_3:1,SkullOwner:{Id:[I;-688592946,-596554623,-1747132659,366189160],Properties:{textures:[{Value:\"eyJ0ZXh0dXJlcyI6eyJTS0lOIjp7InVybCI6Imh0dHA6Ly90ZXh0dXJlcy5taW5lY3JhZnQubmV0L3RleHR1cmUvYzE5YjdiNWU5ZmZkNGUyMmI4OTBhYjc3OGI0Nzk1YjY2MmZhZmYyYjQ5NzhiZjgxNTU3NGU0OGIwZTUyYjMwMSJ9fX0=\"}]}},display:{Name:'{\"translate\":\"luisb1202.loot_tables.entities.gari3.1\",\"bold\":true,\"color\":\"dark_green\"}',Lore:['{\"translate\":\"item.diamond_helmet.7.lore.7.1\"}','{\"translate\":\"luisb1202.functions.items.gariheuz_mision.15\"}','{\"translate\":\"luisb1202.functions.items.gariheuz_mision.16\"}','{\"translate\":\"item.diamond_helmet.7.lore.7.1\"}','{\"translate\":\"luisb1202.functions.items.gariheuz_mision.6\"}','{\"translate\":\"item.diamond_helmet.7.lore.7.1\"}','{\"translate\":\"luisb1202.functions.items.gariheuz_mision.7\"}','{\"translate\":\"item.diamond_helmet.7.lore.7.1\"}','{\"translate\":\"luisb1202.functions.items.gariheuz_mision.8\"}','{\"translate\":\"item.diamond_helmet.7.lore.7.1\"}']}}"
                        }
                    ]
                }
            ]
        }
        
    ]
}