{
    "pools": [
        {
            "rolls": 1,
            "entries": [
                {
                    "type": "item",
                    "weight": 1,
                    "name": "minecraft:player_head",
                    "quality": 1,
                    "functions": [
                        {
                            "function": "set_nbt",
                            "tag": "{gariheuz_mision_2:1,SkullOwner:{Id:[I;-988784499,1538476442,-1335897902,1631763943],Properties:{textures:[{Value:\"eyJ0ZXh0dXJlcyI6eyJTS0lOIjp7InVybCI6Imh0dHA6Ly90ZXh0dXJlcy5taW5lY3JhZnQubmV0L3RleHR1cmUvY2QyMGJmNTJlYzM5MGEwNzk5Mjk5MTg0ZmM2NzhiZjg0Y2Y3MzJiYjFiZDc4ZmQxYzRiNDQxODU4ZjAyMzVhOCJ9fX0=\"}]}},display:{Name:'{\"translate\":\"luisb1202.functions.items.gariheuz_mision.9\",\"bold\":true,\"color\":\"dark_green\"}',Lore:['{\"translate\":\"item.diamond_helmet.7.lore.7.1\"}','{\"translate\":\"luisb1202.functions.items.gariheuz_mision.10\"}','{\"translate\":\"luisb1202.functions.items.gariheuz_mision.11\"}','{\"translate\":\"luisb1202.functions.items.gariheuz_mision.12\"}','{\"translate\":\"luisb1202.functions.items.gariheuz_mision.13\"}','{\"translate\":\"item.diamond_helmet.7.lore.7.1\"}','{\"translate\":\"luisb1202.functions.items.gariheuz_mision.6\"}','{\"translate\":\"item.diamond_helmet.7.lore.7.1\"}','{\"translate\":\"luisb1202.functions.items.gariheuz_mision.7\"}','{\"translate\":\"item.diamond_helmet.7.lore.7.1\"}','{\"translate\":\"luisb1202.functions.items.gariheuz_mision.8\"}','{\"translate\":\"item.diamond_helmet.7.lore.7.1\"}']}}"
                        }
                    ]
                }
            ]
        }
        
    ]
}