{
    "pools": [
        {
            "rolls": 1,
            "entries": [
                {
                    "type": "item",
                    "weight": 1,
                    "name": "minecraft:player_head",
                    "quality": 1,
                    "functions": [
                        {
                            "function": "set_nbt",
                            "tag": "{gariheuz_mision_1:1,SkullOwner:{Id:[I;-1359656970,300435243,-1289101188,1168465465],Properties:{textures:[{Value:\"eyJ0ZXh0dXJlcyI6eyJTS0lOIjp7InVybCI6Imh0dHA6Ly90ZXh0dXJlcy5taW5lY3JhZnQubmV0L3RleHR1cmUvNjQ2MjViODI0Y2VmZmNhOWZmNTZmMDlmOWUyM2ZmMTY4NTRmYWVjMjRmZjJiM2I1MWZiODZlY2I0NGI0OTNhIn19fQ==\"}]}},display:{Name:'{\"translate\":\"luisb1202.functions.items.gariheuz_mision.1\",\"bold\":true,\"color\":\"dark_green\"}',Lore:['{\"translate\":\"item.diamond_helmet.7.lore.7.1\"}','{\"translate\":\"luisb1202.functions.items.gariheuz_mision.2\"}','{\"translate\":\"luisb1202.functions.items.gariheuz_mision.3\"}','{\"translate\":\"luisb1202.functions.items.gariheuz_mision.4\"}','{\"translate\":\"luisb1202.functions.items.gariheuz_mision.5\"}','{\"translate\":\"item.diamond_helmet.7.lore.7.1\"}','{\"translate\":\"luisb1202.functions.items.gariheuz_mision.6\"}','{\"translate\":\"item.diamond_helmet.7.lore.7.1\"}','{\"translate\":\"luisb1202.functions.items.gariheuz_mision.7\"}','{\"translate\":\"item.diamond_helmet.7.lore.7.1\"}','{\"translate\":\"luisb1202.functions.items.gariheuz_mision.8\"}','{\"translate\":\"item.diamond_helmet.7.lore.7.1\"}']}}"
                        }
                    ]
                }
            ]
        }
        
    ]
}