{
    "pools": [
        {
            "rolls": 1,
            "entries": [
                {
                    "type": "item",
                    "weight": 1,
                    "name": "minecraft:structure_void",
                    "quality": 1,
                    "functions": [
                        {
                            "function": "set_nbt",
                            "tag": "{display:{Name:'{\"translate\":\"luisb1202.functions.afijos.index_death_afijo.6\"}'}}"
                        }
                    ]
                }
            ]
        },
        {
            "rolls": {"min": 0,"max": 1},
            "bonus_rolls": 1,
            "entries": [
                {
                    "type": "item",
                    "weight": 1,
                    "name": "minecraft:gunpowder",
                    "quality": 1,
                    "functions": [
                        {
                            "function": "set_nbt",
                            "tag": "{RepairCost:999999,Unbreakable:1,display:{Name:'{\"translate\":\"item.gunpowder.1.name.1\",\"color\":\"#75FFCD\"}',Lore:['{\"translate\":\"empty\"}','{\"translate\":\"item.gunpowder.1.lore.1.1\"}','{\"translate\":\"item.gunpowder.1.lore.2.1\"}','{\"translate\":\"item.gunpowder.1.lore.3.1\"}','{\"translate\":\"empty\"}','{\"translate\":\"item.netherite_chestplate.2.lore.4.1\"}','{\"translate\":\"empty\"}']},Enchantments:[{}],HideFlags:127,estigia:1}"
                        }
                    ]
                }
            ]
        }
    ]
}