{"stats":{"minecraft:picked_up":{"minecraft:splash_potion":1,"minecraft:leather":1,"minecraft:carrot_on_a_stick":1,"minecraft:porkchop":13,"minecraft:redstone":3,"minecraft:light_gray_concrete":1,"minecraft:blackstone":8,"minecraft:netherite_helmet":3,"minecraft:written_book":2,"minecraft:ender_eye":1,"minecraft:chest":2},"minecraft:killed":{"minecraft:hoglin":1},"minecraft:custom":{"minecraft:time_since_rest":225835,"minecraft:walk_one_cm":65706,"minecraft:open_enderchest":4,"minecraft:sprint_one_cm":24673,"minecraft:damage_taken":30,"minecraft:mob_kills":6,"minecraft:drop":2,"minecraft:damage_dealt":399,"minecraft:talked_to_villager":13,"minecraft:fly_one_cm":6320218,"minecraft:open_chest":23,"minecraft:crouch_one_cm":289,"minecraft:play_one_minute":225835,"minecraft:sneak_time":5904,"minecraft:walk_under_water_one_cm":140,"minecraft:interact_with_lectern":7,"minecraft:jump":150,"minecraft:damage_dealt_resisted":70,"minecraft:walk_on_water_one_cm":432,"minecraft:leave_game":36,"minecraft:time_since_death":225835,"minecraft:damage_resisted":70,"minecraft:fall_one_cm":1852},"minecraft:mined":{"minecraft:spawner":1},"minecraft:used":{"minecraft:black_terracotta":57,"minecraft:netherite_sword":6,"minecraft:mossy_stone_bricks":2,"minecraft:black_concrete":44,"minecraft:cyan_terracotta":73,"minecraft:lodestone":1,"minecraft:command_block":1,"minecraft:light_gray_concrete":1,"minecraft:red_stained_glass":2,"minecraft:grass_block":11,"minecraft:stone_pickaxe":1,"minecraft:barrier":3,"minecraft:spawner":1,"minecraft:oak_sign":4,"minecraft:lectern":1,"minecraft:chest":4,"minecraft:cyan_concrete":7,"minecraft:ender_chest":4,"minecraft:brown_concrete":82,"minecraft:redstone_block":2,"minecraft:quartz_stairs":1,"minecraft:polished_andesite_slab":14,"minecraft:stone_bricks":2,"minecraft:magenta_stained_glass_pane":2,"minecraft:oak_leaves":15,"minecraft:bedrock":7,"minecraft:mossy_cobblestone":4,"minecraft:diamond_sword":1,"minecraft:honeycomb_block":3,"minecraft:vine":3,"minecraft:written_book":6,"minecraft:prismarine_bricks":1,"minecraft:yellow_glazed_terracotta":1,"minecraft:lime_stained_glass":1,"minecraft:birch_sign":2,"minecraft:yellow_concrete":58,"minecraft:carrot":1,"minecraft:andesite":2,"minecraft:glass_pane":3,"minecraft:gray_concrete":40,"minecraft:warped_button":2,"minecraft:dead_brain_coral_block":18,"minecraft:green_stained_glass":2,"minecraft:gray_stained_glass":2},"minecraft:dropped":{"minecraft:book":2}},"DataVersion":2586}