{"stats":{"minecraft:crafted":{"minecraft:wooden_sword":2,"minecraft:crafting_table":2,"minecraft:spruce_planks":56,"minecraft:stick":16,"minecraft:wooden_pickaxe":2,"minecraft:wooden_axe":2},"minecraft:custom":{"minecraft:time_since_rest":4144,"minecraft:play_time":11776,"minecraft:sprint_one_cm":47611,"minecraft:walk_one_cm":30814,"minecraft:damage_taken":583,"minecraft:deaths":2,"minecraft:walk_under_water_one_cm":1189,"minecraft:mob_kills":1,"minecraft:drop":1,"minecraft:jump":92,"minecraft:damage_dealt":111,"minecraft:time_since_death":4099,"minecraft:walk_on_water_one_cm":66,"minecraft:total_world_time":11776,"minecraft:swim_one_cm":359,"minecraft:interact_with_crafting_table":11,"minecraft:fall_one_cm":2249,"minecraft:fly_one_cm":14562},"minecraft:picked_up":{"minecraft:crafting_table":2,"minecraft:stick":2,"minecraft:chicken":1,"minecraft:spruce_sapling":2,"minecraft:spruce_log":28,"minecraft:egg":1,"minecraft:dirt":5,"minecraft:cobblestone":20},"minecraft:mined":{"minecraft:grass_block":3,"minecraft:dirt":2,"minecraft:pumpkin":1,"minecraft:stone":20,"minecraft:spruce_leaves":11,"minecraft:spruce_log":32,"minecraft:fern":1,"minecraft:crafting_table":2},"minecraft:dropped":{"minecraft:wooden_axe":1},"minecraft:killed_by":{"minecraft:player":2},"minecraft:killed":{"minecraft:chicken":1},"minecraft:used":{"minecraft:wooden_axe":4,"minecraft:crafting_table":3,"minecraft:wooden_pickaxe":20,"minecraft:spruce_sapling":2}},"DataVersion":3953}