{"stats":{"minecraft:custom":{"minecraft:interact_with_furnace":13,"minecraft:mob_kills":3,"minecraft:interact_with_crafting_table":22,"minecraft:time_since_death":2166,"minecraft:sleep_in_bed":3,"minecraft:time_since_rest":186,"minecraft:sprint_one_cm":130809,"minecraft:damage_taken":2619,"minecraft:walk_one_cm":115196,"minecraft:damage_blocked_by_shield":646,"minecraft:drop":6,"minecraft:damage_dealt":642,"minecraft:swim_one_cm":359,"minecraft:fly_one_cm":51773,"minecraft:open_chest":1,"minecraft:crouch_one_cm":95,"minecraft:play_time":35776,"minecraft:deaths":8,"minecraft:sneak_time":456,"minecraft:walk_under_water_one_cm":1189,"minecraft:jump":381,"minecraft:walk_on_water_one_cm":66,"minecraft:total_world_time":35776,"minecraft:fall_one_cm":19621},"minecraft:crafted":{"minecraft:wooden_sword":2,"minecraft:crafting_table":2,"minecraft:spruce_planks":56,"minecraft:wooden_pickaxe":2,"minecraft:cooked_chicken":1,"minecraft:furnace":1,"minecraft:iron_chestplate":1,"minecraft:shield":1,"minecraft:stick":16,"minecraft:iron_ingot":10,"minecraft:stone_pickaxe":1,"minecraft:wooden_axe":2,"minecraft:torch":4},"minecraft:mined":{"minecraft:crafting_table":3,"minecraft:granite":5,"minecraft:grass_block":4,"minecraft:cobblestone":2,"minecraft:spruce_leaves":11,"minecraft:blue_bed":2,"minecraft:furnace":2,"minecraft:carrots":1,"minecraft:iron_ore":10,"minecraft:wheat":3,"minecraft:spruce_log":37,"minecraft:andesite":1,"minecraft:pumpkin":1,"minecraft:potatoes":16,"minecraft:coal_ore":11,"minecraft:dirt":4,"minecraft:stone":114,"minecraft:fern":1},"minecraft:picked_up":{"minecraft:crafting_table":6,"minecraft:chicken":1,"minecraft:andesite":1,"minecraft:potato":30,"minecraft:shield":3,"minecraft:dirt":20,"minecraft:blue_bed":2,"minecraft:wheat_seeds":3,"minecraft:iron_ingot":12,"minecraft:stone_pickaxe":3,"minecraft:egg":5,"minecraft:furnace":3,"minecraft:stick":2,"minecraft:raw_iron":13,"minecraft:torch":4,"minecraft:spruce_fence":1,"minecraft:spruce_sapling":2,"minecraft:carrot":1,"minecraft:spruce_log":33,"minecraft:rotten_flesh":10,"minecraft:granite":5,"minecraft:snowball":15,"minecraft:coal":19,"minecraft:cobblestone":129},"minecraft:dropped":{"minecraft:cobblestone":5,"minecraft:wooden_axe":1},"minecraft:killed_by":{"minecraft:player":2,"minecraft:skeleton":1,"minecraft:creeper":1,"minecraft:zombie":4},"minecraft:broken":{"minecraft:stone_pickaxe":1},"minecraft:killed":{"minecraft:zombie":2,"minecraft:chicken":1},"minecraft:used":{"minecraft:wheat_seeds":3,"minecraft:stone_pickaxe":122,"minecraft:wooden_pickaxe":35,"minecraft:shield":22,"minecraft:blue_bed":2,"minecraft:cooked_chicken":1,"minecraft:rotten_flesh":2,"minecraft:iron_chestplate":1,"minecraft:torch":4,"minecraft:dirt":2,"minecraft:crafting_table":5,"minecraft:carrot":1,"minecraft:spruce_fence":1,"minecraft:granite":1,"minecraft:wooden_axe":27,"minecraft:spruce_sapling":2,"minecraft:cobblestone":7,"minecraft:furnace":3,"minecraft:andesite":1,"minecraft:potato":2}},"DataVersion":3953}