{"stats":{"minecraft:custom":{"minecraft:interact_with_furnace":26,"minecraft:mob_kills":3,"minecraft:interact_with_crafting_table":27,"minecraft:leave_game":1,"minecraft:time_since_death":12677,"minecraft:sleep_in_bed":3,"minecraft:time_since_rest":10697,"minecraft:sprint_one_cm":135940,"minecraft:damage_taken":2619,"minecraft:walk_one_cm":148529,"minecraft:damage_blocked_by_shield":766,"minecraft:drop":10,"minecraft:damage_dealt":642,"minecraft:swim_one_cm":359,"minecraft:fly_one_cm":52255,"minecraft:open_chest":6,"minecraft:crouch_one_cm":145,"minecraft:play_time":46287,"minecraft:deaths":8,"minecraft:sneak_time":463,"minecraft:walk_under_water_one_cm":1189,"minecraft:jump":425,"minecraft:walk_on_water_one_cm":66,"minecraft:total_world_time":46287,"minecraft:fall_one_cm":20248},"minecraft:crafted":{"minecraft:wooden_sword":2,"minecraft:crafting_table":2,"minecraft:spruce_planks":76,"minecraft:baked_potato":13,"minecraft:wooden_pickaxe":2,"minecraft:cooked_chicken":1,"minecraft:furnace":3,"minecraft:iron_chestplate":1,"minecraft:shield":1,"minecraft:stick":24,"minecraft:iron_ingot":10,"minecraft:stone_pickaxe":1,"minecraft:wooden_axe":2,"minecraft:torch":24},"minecraft:mined":{"minecraft:white_bed":1,"minecraft:crafting_table":4,"minecraft:granite":5,"minecraft:grass_block":4,"minecraft:chest":1,"minecraft:cobblestone":2,"minecraft:spruce_leaves":11,"minecraft:wall_torch":1,"minecraft:blue_bed":3,"minecraft:furnace":9,"minecraft:carrots":1,"minecraft:iron_ore":10,"minecraft:wheat":3,"minecraft:spruce_log":37,"minecraft:andesite":1,"minecraft:pumpkin":1,"minecraft:potatoes":16,"minecraft:coal_ore":17,"minecraft:dirt":14,"minecraft:stone":132,"minecraft:fern":1},"minecraft:picked_up":{"minecraft:crafting_table":7,"minecraft:chicken":1,"minecraft:andesite":1,"minecraft:potato":52,"minecraft:filled_map":2,"minecraft:shield":3,"minecraft:blue_bed":3,"minecraft:dirt":40,"minecraft:string":1,"minecraft:raw_copper":1,"minecraft:wheat_seeds":5,"minecraft:spruce_planks":3,"minecraft:iron_ingot":12,"minecraft:stone_pickaxe":3,"minecraft:chest":1,"minecraft:egg":6,"minecraft:furnace":11,"minecraft:stick":2,"minecraft:raw_iron":13,"minecraft:composter":1,"minecraft:torch":5,"minecraft:spruce_fence":1,"minecraft:carrot":4,"minecraft:spruce_sapling":2,"minecraft:diorite":1,"minecraft:white_bed":1,"minecraft:spruce_log":33,"minecraft:rotten_flesh":16,"minecraft:granite":5,"minecraft:baked_potato":1,"minecraft:snowball":32,"minecraft:coal":44,"minecraft:cobblestone":147},"minecraft:killed_by":{"minecraft:player":2,"minecraft:skeleton":1,"minecraft:creeper":1,"minecraft:zombie":4},"minecraft:dropped":{"minecraft:baked_potato":3,"minecraft:cobblestone":5,"minecraft:potato":11,"minecraft:wooden_axe":1},"minecraft:broken":{"minecraft:stone_pickaxe":1},"minecraft:killed":{"minecraft:zombie":2,"minecraft:chicken":1},"minecraft:used":{"minecraft:wheat_seeds":3,"minecraft:stone_pickaxe":122,"minecraft:baked_potato":4,"minecraft:wooden_pickaxe":78,"minecraft:chest":1,"minecraft:shield":24,"minecraft:blue_bed":3,"minecraft:cooked_chicken":1,"minecraft:rotten_flesh":2,"minecraft:iron_chestplate":2,"minecraft:torch":7,"minecraft:dirt":6,"minecraft:crafting_table":5,"minecraft:carrot":1,"minecraft:white_bed":1,"minecraft:granite":1,"minecraft:spruce_fence":1,"minecraft:wooden_axe":27,"minecraft:spruce_sapling":2,"minecraft:cobblestone":11,"minecraft:furnace":13,"minecraft:andesite":1,"minecraft:potato":2}},"DataVersion":3953}