{"stats":{"minecraft:crafted":{"minecraft:wooden_sword":2,"minecraft:shield":1,"minecraft:crafting_table":2,"minecraft:stick":16,"minecraft:spruce_planks":56,"minecraft:iron_ingot":5,"minecraft:cooked_chicken":1,"minecraft:wooden_pickaxe":2,"minecraft:stone_pickaxe":1,"minecraft:wooden_axe":2,"minecraft:furnace":1,"minecraft:torch":4},"minecraft:custom":{"minecraft:time_since_rest":1460,"minecraft:interact_with_furnace":11,"minecraft:sprint_one_cm":84635,"minecraft:damage_taken":1673,"minecraft:walk_one_cm":79271,"minecraft:damage_blocked_by_shield":646,"minecraft:mob_kills":3,"minecraft:drop":6,"minecraft:damage_dealt":512,"minecraft:interact_with_crafting_table":19,"minecraft:swim_one_cm":359,"minecraft:fly_one_cm":24518,"minecraft:crouch_one_cm":95,"minecraft:play_time":23776,"minecraft:deaths":5,"minecraft:sneak_time":437,"minecraft:walk_under_water_one_cm":1189,"minecraft:jump":223,"minecraft:walk_on_water_one_cm":66,"minecraft:time_since_death":1431,"minecraft:sleep_in_bed":1,"minecraft:total_world_time":23776,"minecraft:fall_one_cm":11750},"minecraft:mined":{"minecraft:furnace":2,"minecraft:iron_ore":6,"minecraft:spruce_log":32,"minecraft:andesite":1,"minecraft:pumpkin":1,"minecraft:crafting_table":3,"minecraft:grass_block":4,"minecraft:coal_ore":5,"minecraft:dirt":2,"minecraft:spruce_leaves":11,"minecraft:stone":35,"minecraft:fern":1},"minecraft:picked_up":{"minecraft:raw_iron":9,"minecraft:stick":2,"minecraft:crafting_table":6,"minecraft:chicken":1,"minecraft:andesite":1,"minecraft:torch":4,"minecraft:shield":3,"minecraft:spruce_sapling":2,"minecraft:spruce_log":28,"minecraft:dirt":7,"minecraft:rotten_flesh":8,"minecraft:iron_ingot":12,"minecraft:stone_pickaxe":3,"minecraft:coal":13,"minecraft:furnace":3,"minecraft:cobblestone":40,"minecraft:egg":4},"minecraft:dropped":{"minecraft:wooden_axe":1,"minecraft:cobblestone":5},"minecraft:killed_by":{"minecraft:player":2,"minecraft:skeleton":1,"minecraft:zombie":2},"minecraft:killed":{"minecraft:zombie":2,"minecraft:chicken":1},"minecraft:used":{"minecraft:wooden_axe":27,"minecraft:stone_pickaxe":24,"minecraft:shield":22,"minecraft:wooden_pickaxe":35,"minecraft:spruce_sapling":2,"minecraft:cooked_chicken":1,"minecraft:dirt":1,"minecraft:cobblestone":3,"minecraft:crafting_table":4,"minecraft:furnace":2,"minecraft:andesite":1}},"DataVersion":3953}