{"stats":{"minecraft:crafted":{"minecraft:wooden_sword":1,"minecraft:crafting_table":2,"minecraft:stick":4,"minecraft:wooden_pickaxe":1,"minecraft:dark_oak_planks":20},"minecraft:custom":{"minecraft:time_since_rest":19526,"minecraft:sprint_one_cm":50222,"minecraft:damage_taken":240,"minecraft:walk_one_cm":60705,"minecraft:mob_kills":14,"minecraft:drop":1,"minecraft:damage_dealt":1098,"minecraft:interact_with_crafting_table":15,"minecraft:fly_one_cm":41747,"minecraft:open_chest":1,"minecraft:play_time":19526,"minecraft:walk_under_water_one_cm":700,"minecraft:jump":214,"minecraft:leave_game":1,"minecraft:walk_on_water_one_cm":589,"minecraft:time_since_death":19526,"minecraft:total_world_time":19526,"minecraft:fall_one_cm":8647},"minecraft:mined":{"minecraft:cobblestone_wall":2,"minecraft:dark_oak_log":16,"minecraft:crafting_table":2,"minecraft:short_grass":31,"minecraft:grass_block":5,"minecraft:poppy":3,"minecraft:dirt":5,"minecraft:cobblestone":2,"minecraft:stone":8,"minecraft:oak_leaves":1},"minecraft:picked_up":{"minecraft:crafting_table":2,"minecraft:feather":2,"minecraft:chicken":3,"minecraft:leather":8,"minecraft:porkchop":4,"minecraft:cobblestone_wall":2,"minecraft:dark_oak_log":16,"minecraft:dirt":10,"minecraft:wheat_seeds":3,"minecraft:beef":6,"minecraft:poppy":3,"minecraft:light_gray_wool":1,"minecraft:black_wool":1,"minecraft:mutton":11,"minecraft:white_wool":4,"minecraft:cobblestone":8,"minecraft:egg":1},"minecraft:dropped":{"minecraft:stick":1},"minecraft:killed":{"minecraft:sheep":6,"minecraft:pig":1,"minecraft:chicken":3,"minecraft:cow":4},"minecraft:used":{"minecraft:wooden_pickaxe":16,"minecraft:wooden_sword":85,"minecraft:dirt":6,"minecraft:crafting_table":4,"minecraft:porkchop":4}},"DataVersion":3953}