{"stats":{"minecraft:custom":{"minecraft:interact_with_furnace":26,"minecraft:mob_kills":4,"minecraft:interact_with_crafting_table":31,"minecraft:leave_game":1,"minecraft:time_since_death":147,"minecraft:sleep_in_bed":5,"minecraft:time_since_rest":177,"minecraft:sprint_one_cm":216991,"minecraft:damage_taken":4386,"minecraft:walk_one_cm":184972,"minecraft:damage_blocked_by_shield":2746,"minecraft:drop":10,"minecraft:damage_dealt":1047,"minecraft:swim_one_cm":359,"minecraft:fly_one_cm":127841,"minecraft:open_chest":7,"minecraft:crouch_one_cm":145,"minecraft:play_time":58287,"minecraft:deaths":15,"minecraft:sneak_time":465,"minecraft:walk_under_water_one_cm":1189,"minecraft:jump":720,"minecraft:walk_on_water_one_cm":66,"minecraft:total_world_time":58287,"minecraft:fall_one_cm":38952},"minecraft:crafted":{"minecraft:wooden_sword":2,"minecraft:crafting_table":2,"minecraft:spruce_planks":76,"minecraft:baked_potato":13,"minecraft:wooden_pickaxe":2,"minecraft:cooked_chicken":1,"minecraft:furnace":3,"minecraft:iron_chestplate":1,"minecraft:shield":1,"minecraft:stick":24,"minecraft:iron_ingot":10,"minecraft:stone_pickaxe":2,"minecraft:wooden_axe":2,"minecraft:stone_sword":1,"minecraft:torch":24},"minecraft:mined":{"minecraft:white_bed":1,"minecraft:crafting_table":5,"minecraft:granite":5,"minecraft:grass_block":4,"minecraft:chest":1,"minecraft:cobblestone":2,"minecraft:spruce_leaves":12,"minecraft:wall_torch":1,"minecraft:blue_bed":3,"minecraft:furnace":9,"minecraft:carrots":1,"minecraft:iron_ore":11,"minecraft:wheat":3,"minecraft:spruce_log":37,"minecraft:andesite":1,"minecraft:pumpkin":1,"minecraft:potatoes":16,"minecraft:coal_ore":17,"minecraft:dirt":14,"minecraft:stone":132,"minecraft:fern":1},"minecraft:picked_up":{"minecraft:crafting_table":9,"minecraft:chicken":1,"minecraft:water_bucket":1,"minecraft:andesite":1,"minecraft:potato":62,"minecraft:filled_map":2,"minecraft:stripped_spruce_wood":1,"minecraft:shield":4,"minecraft:blue_bed":3,"minecraft:dirt":41,"minecraft:string":1,"minecraft:raw_copper":2,"minecraft:bow":1,"minecraft:wheat_seeds":5,"minecraft:spruce_planks":3,"minecraft:iron_ingot":13,"minecraft:stone_pickaxe":3,"minecraft:chest":1,"minecraft:egg":6,"minecraft:furnace":12,"minecraft:stick":10,"minecraft:raw_iron":14,"minecraft:composter":1,"minecraft:torch":18,"minecraft:spruce_fence":1,"minecraft:carrot":4,"minecraft:spruce_sapling":2,"minecraft:diorite":1,"minecraft:white_bed":1,"minecraft:spruce_log":33,"minecraft:stone_sword":1,"minecraft:rotten_flesh":16,"minecraft:stone_axe":1,"minecraft:granite":5,"minecraft:baked_potato":7,"minecraft:snowball":38,"minecraft:coal":44,"minecraft:cobblestone":196},"minecraft:killed_by":{"minecraft:player":2,"minecraft:skeleton":4,"minecraft:creeper":1,"minecraft:zombie":5,"minecraft:enderman":1},"minecraft:dropped":{"minecraft:baked_potato":3,"minecraft:cobblestone":5,"minecraft:potato":11,"minecraft:wooden_axe":1},"minecraft:broken":{"minecraft:stone_pickaxe":1},"minecraft:killed":{"minecraft:skeleton":1,"minecraft:zombie":2,"minecraft:chicken":1},"minecraft:used":{"minecraft:wheat_seeds":3,"minecraft:stone_sword":10,"minecraft:stone_pickaxe":124,"minecraft:baked_potato":5,"minecraft:wooden_pickaxe":78,"minecraft:chest":1,"minecraft:shield":58,"minecraft:blue_bed":3,"minecraft:cooked_chicken":1,"minecraft:rotten_flesh":2,"minecraft:iron_chestplate":2,"minecraft:torch":12,"minecraft:dirt":6,"minecraft:crafting_table":6,"minecraft:carrot":1,"minecraft:white_bed":1,"minecraft:granite":1,"minecraft:spruce_fence":1,"minecraft:snowball":4,"minecraft:wooden_axe":27,"minecraft:spruce_sapling":2,"minecraft:cobblestone":11,"minecraft:furnace":13,"minecraft:andesite":1,"minecraft:potato":2,"minecraft:stripped_spruce_wood":1}},"DataVersion":3953}