{"stats":{"minecraft:crafted":{"minecraft:wooden_sword":1,"minecraft:crafting_table":2,"minecraft:stick":4,"minecraft:wooden_pickaxe":1,"minecraft:dark_oak_planks":20},"minecraft:custom":{"minecraft:time_since_rest":5078,"minecraft:sprint_one_cm":56436,"minecraft:damage_taken":420,"minecraft:walk_one_cm":88069,"minecraft:mob_kills":14,"minecraft:drop":16,"minecraft:damage_dealt":1115,"minecraft:interact_with_crafting_table":17,"minecraft:fly_one_cm":44406,"minecraft:open_chest":1,"minecraft:play_time":28197,"minecraft:deaths":1,"minecraft:sneak_time":17,"minecraft:walk_under_water_one_cm":3312,"minecraft:jump":305,"minecraft:leave_game":1,"minecraft:time_since_death":5046,"minecraft:walk_on_water_one_cm":2949,"minecraft:total_world_time":28197,"minecraft:fall_one_cm":10694},"minecraft:mined":{"minecraft:cobblestone_wall":2,"minecraft:dark_oak_log":16,"minecraft:crafting_table":2,"minecraft:short_grass":31,"minecraft:grass_block":6,"minecraft:poppy":3,"minecraft:dirt":5,"minecraft:cobblestone":2,"minecraft:stone":52,"minecraft:oak_leaves":1},"minecraft:picked_up":{"minecraft:crafting_table":2,"minecraft:feather":2,"minecraft:chicken":9,"minecraft:tripwire_hook":4,"minecraft:leather":24,"minecraft:wooden_pickaxe":2,"minecraft:porkchop":4,"minecraft:cobblestone_wall":6,"minecraft:dark_oak_log":38,"minecraft:dirt":11,"minecraft:wooden_sword":2,"minecraft:wheat_seeds":9,"minecraft:beef":12,"minecraft:poppy":9,"minecraft:light_gray_wool":3,"minecraft:black_wool":3,"minecraft:mutton":33,"minecraft:white_wool":12,"minecraft:cobblestone":68,"minecraft:egg":3},"minecraft:broken":{"minecraft:wooden_sword":1},"minecraft:killed_by":{"minecraft:skeleton":1},"minecraft:dropped":{"minecraft:poppy":3,"minecraft:dark_oak_log":11,"minecraft:wheat_seeds":3,"minecraft:cobblestone_wall":2,"minecraft:mutton":11,"minecraft:cobblestone":8,"minecraft:chicken":3,"minecraft:wooden_sword":1,"minecraft:light_gray_wool":1,"minecraft:leather":8,"minecraft:wooden_pickaxe":1,"minecraft:tripwire_hook":2,"minecraft:white_wool":4,"minecraft:black_wool":1,"minecraft:egg":1,"minecraft:stick":1},"minecraft:killed":{"minecraft:sheep":6,"minecraft:pig":1,"minecraft:chicken":3,"minecraft:cow":4},"minecraft:used":{"minecraft:wooden_pickaxe":60,"minecraft:wooden_sword":86,"minecraft:dirt":11,"minecraft:cobblestone":52,"minecraft:crafting_table":4,"minecraft:porkchop":4}},"DataVersion":3953}