{"stats":{"minecraft:used":{"minecraft:wheat_seeds":54,"minecraft:nether_brick_fence":16,"minecraft:water_bucket":50,"minecraft:netherite_sword":8,"minecraft:polished_blackstone_brick_slab":50,"minecraft:end_rod":27,"minecraft:nether_brick_wall":2,"minecraft:cobblestone_stairs":20,"minecraft:flint_and_steel":134,"minecraft:lodestone":10,"minecraft:snow_block":45,"minecraft:red_stained_glass":1091,"minecraft:red_concrete":60,"minecraft:polished_andesite":183,"minecraft:red_nether_bricks":21,"minecraft:blackstone":37,"minecraft:andesite_slab":1,"minecraft:polished_basalt":54,"minecraft:chest":1,"minecraft:black_glazed_terracotta":23,"minecraft:redstone_block":509,"minecraft:red_nether_brick_stairs":2,"minecraft:red_glazed_terracotta":2,"minecraft:polished_blackstone_wall":22,"minecraft:netherrack":63,"minecraft:polished_blackstone_bricks":58,"minecraft:spruce_leaves":4,"minecraft:orange_stained_glass":182,"minecraft:respawn_anchor":2,"minecraft:carrot":29,"minecraft:cobblestone_wall":13,"minecraft:crimson_hyphae":1,"minecraft:yellow_stained_glass_pane":8,"minecraft:sponge":7,"minecraft:gray_concrete":140,"minecraft:stone_brick_wall":48,"minecraft:obsidian":226,"minecraft:redstone_torch":11,"minecraft:andesite_wall":3,"minecraft:polished_blackstone_slab":58,"minecraft:glass":13,"minecraft:netherite_block":91,"minecraft:red_shulker_box":3,"minecraft:piston":1,"minecraft:cyan_terracotta":249,"minecraft:sea_lantern":170,"minecraft:black_concrete":275,"minecraft:command_block":5,"minecraft:light_gray_concrete":11,"minecraft:yellow_stained_glass":98,"minecraft:lantern":9,"minecraft:barrier":50,"minecraft:polished_andesite_stairs":32,"minecraft:spawner":22,"minecraft:polished_blackstone_brick_wall":69,"minecraft:stone_slab":87,"minecraft:polished_blackstone_brick_stairs":73,"minecraft:stone_bricks":2,"minecraft:stone_brick_stairs":17,"minecraft:polished_andesite_slab":74,"minecraft:nether_wart_block":368,"minecraft:glowstone":93,"minecraft:red_stained_glass_pane":67,"minecraft:red_nether_brick_wall":16,"minecraft:snow":27,"minecraft:black_stained_glass":30,"minecraft:lapis_block":310,"minecraft:chain":8,"minecraft:smooth_stone_slab":5,"minecraft:white_concrete":2,"minecraft:potato":25,"minecraft:warped_button":5,"minecraft:orange_stained_glass_pane":10,"minecraft:bone_meal":62,"minecraft:polished_blackstone_stairs":39},"minecraft:killed":{"minecraft:llama":5},"minecraft:dropped":{"minecraft:wooden_axe":1},"minecraft:custom":{"minecraft:mob_kills":5,"minecraft:play_one_minute":876503,"minecraft:leave_game":25,"minecraft:time_since_death":876503,"minecraft:damage_resisted":420,"minecraft:time_since_rest":876503,"minecraft:sprint_one_cm":205921,"minecraft:damage_taken":20,"minecraft:walk_one_cm":385739,"minecraft:drop":1,"minecraft:damage_dealt":1850,"minecraft:swim_one_cm":482,"minecraft:fly_one_cm":17415952,"minecraft:open_chest":27,"minecraft:crouch_one_cm":69930,"minecraft:sneak_time":76855,"minecraft:walk_under_water_one_cm":1000,"minecraft:interact_with_lectern":1,"minecraft:aviate_one_cm":311,"minecraft:jump":1874,"minecraft:walk_on_water_one_cm":7955,"minecraft:fall_one_cm":5393},"minecraft:picked_up":{"minecraft:wooden_axe":1,"minecraft:leather":3,"minecraft:lapis_block":1,"minecraft:warped_button":1,"minecraft:blue_carpet":4}},"DataVersion":2586}