{"stats":{"minecraft:crafted":{"minecraft:oak_planks":180,"minecraft:cooked_porkchop":16,"minecraft:crafting_table":1,"minecraft:wooden_pickaxe":1,"minecraft:iron_sword":1,"minecraft:furnace":2,"minecraft:stone_axe":1,"minecraft:cooked_mutton":12,"minecraft:air":0,"minecraft:iron_boots":1,"minecraft:iron_chestplate":1,"minecraft:shield":1,"minecraft:stick":8,"minecraft:iron_ingot":15,"minecraft:iron_pickaxe":1,"minecraft:stone_pickaxe":1,"minecraft:white_bed":1},"minecraft:custom":{"minecraft:interact_with_furnace":47,"minecraft:mob_kills":32,"minecraft:interact_with_crafting_table":11,"minecraft:leave_game":1,"minecraft:time_since_death":0,"minecraft:sleep_in_bed":4,"minecraft:time_since_rest":35,"minecraft:sprint_one_cm":94288,"minecraft:damage_taken":752,"minecraft:walk_one_cm":65999,"minecraft:damage_blocked_by_shield":1902,"minecraft:drop":6,"minecraft:damage_dealt":4158,"minecraft:fly_one_cm":153464,"minecraft:open_chest":1,"minecraft:crouch_one_cm":5340,"minecraft:play_time":28970,"minecraft:deaths":1,"minecraft:sneak_time":2272,"minecraft:jump":697,"minecraft:walk_on_water_one_cm":287,"minecraft:total_world_time":28970,"minecraft:fall_one_cm":21806},"minecraft:picked_up":{"minecraft:crafting_table":2,"minecraft:feather":3,"minecraft:chicken":1,"minecraft:andesite":6,"minecraft:oak_log":109,"minecraft:dirt":23,"minecraft:raw_copper":4,"minecraft:bone":4,"minecraft:apple":4,"minecraft:wheat_seeds":6,"minecraft:cobbled_deepslate":3,"minecraft:raw_gold":9,"minecraft:beef":3,"minecraft:light_gray_wool":1,"minecraft:egg":1,"minecraft:raw_iron":8,"minecraft:stick":2,"minecraft:porkchop":20,"minecraft:diorite":4,"minecraft:carrot":1,"minecraft:redstone":22,"minecraft:arrow":1,"minecraft:rotten_flesh":1,"minecraft:gray_wool":1,"minecraft:oak_sapling":6,"minecraft:mutton":6,"minecraft:white_wool":3,"minecraft:cobblestone":30},"minecraft:mined":{"minecraft:deepslate_redstone_ore":5,"minecraft:crafting_table":2,"minecraft:short_grass":20,"minecraft:grass_block":5,"minecraft:tall_grass":4,"minecraft:deepslate_gold_ore":9,"minecraft:diorite":4,"minecraft:iron_ore":5,"minecraft:andesite":4,"minecraft:oak_log":109,"minecraft:deepslate_iron_ore":4,"minecraft:dirt":18,"minecraft:stone":28,"minecraft:oak_leaves":57,"minecraft:deepslate":3},"minecraft:broken":{"minecraft:stone_axe":1},"minecraft:killed_by":{"minecraft:zombie":1},"minecraft:dropped":{"minecraft:wheat_seeds":6},"minecraft:killed":{"minecraft:pig":8,"minecraft:sheep":5,"minecraft:skeleton":4,"minecraft:pillager":1,"minecraft:zombie":11,"minecraft:chicken":1,"minecraft:cow":1},"minecraft:used":{"minecraft:cooked_mutton":7,"minecraft:stone_pickaxe":38,"minecraft:oak_planks":6,"minecraft:shield":26,"minecraft:wooden_pickaxe":22,"minecraft:iron_sword":95,"minecraft:dirt":23,"minecraft:crafting_table":3,"minecraft:carrot":5,"minecraft:white_bed":1,"minecraft:iron_pickaxe":21,"minecraft:stone_axe":134,"minecraft:furnace":2,"minecraft:goat_horn":6,"minecraft:cooked_porkchop":1,"minecraft:andesite":2,"minecraft:egg":1}},"DataVersion":3953}