{"stats":{"minecraft:crafted":{"minecraft:furnace":1,"minecraft:cooked_mutton":1,"minecraft:iron_axe":2,"minecraft:stone_pickaxe":1,"minecraft:chest":1,"minecraft:crafting_table":1,"minecraft:spruce_planks":348,"minecraft:wooden_pickaxe":1,"minecraft:baked_potato":15,"minecraft:bucket":1,"minecraft:stone_axe":1,"minecraft:air":0,"minecraft:shield":3,"minecraft:stick":16,"minecraft:iron_pickaxe":1,"minecraft:iron_ingot":10,"minecraft:wooden_axe":1,"minecraft:iron_shovel":1},"minecraft:custom":{"minecraft:mob_kills":24,"minecraft:interact_with_crafting_table":25,"minecraft:open_barrel":3,"minecraft:leave_game":2,"minecraft:time_since_death":13639,"minecraft:sprint_one_cm":246061,"minecraft:walk_one_cm":204673,"minecraft:damage_blocked_by_shield":3366,"minecraft:drop":27,"minecraft:play_time":71058,"minecraft:deaths":10,"minecraft:sneak_time":5779,"minecraft:walk_under_water_one_cm":10550,"minecraft:boat_one_cm":100444,"minecraft:jump":1794,"minecraft:interact_with_blast_furnace":5,"minecraft:walk_on_water_one_cm":10997,"minecraft:total_world_time":71058,"minecraft:interact_with_furnace":29,"minecraft:sleep_in_bed":3,"minecraft:time_since_rest":13666,"minecraft:damage_taken":3816,"minecraft:damage_dealt":5434,"minecraft:swim_one_cm":13660,"minecraft:fly_one_cm":344252,"minecraft:player_kills":7,"minecraft:open_chest":23,"minecraft:crouch_one_cm":18638,"minecraft:interact_with_smoker":13,"minecraft:fall_one_cm":53326},"minecraft:mined":{"minecraft:spruce_planks":1,"minecraft:white_bed":1,"minecraft:grass_block":1,"minecraft:spruce_fence":1,"minecraft:spruce_leaves":16,"minecraft:large_fern":1,"minecraft:furnace":4,"minecraft:carrots":1,"minecraft:iron_ore":21,"minecraft:fire":3,"minecraft:andesite":145,"minecraft:potatoes":14,"minecraft:packed_ice":1,"minecraft:stone":140,"minecraft:smoker":3,"minecraft:crafting_table":7,"minecraft:short_grass":9,"minecraft:blast_furnace":1,"minecraft:calcite":1,"minecraft:chest":1,"minecraft:copper_ore":1,"minecraft:cobblestone":9,"minecraft:diorite":5,"minecraft:blue_bed":2,"minecraft:wall_torch":1,"minecraft:sweet_berry_bush":11,"minecraft:wheat":5,"minecraft:spruce_log":37,"minecraft:coal_ore":2,"minecraft:gravel":1,"minecraft:dirt":2,"minecraft:smooth_basalt":2,"minecraft:fern":2},"minecraft:picked_up":{"minecraft:wooden_axe":3,"minecraft:crafting_table":15,"minecraft:wooden_pickaxe":9,"minecraft:shield":10,"minecraft:amethyst_block":1,"minecraft:string":1,"minecraft:iron_axe":6,"minecraft:raw_copper":5,"minecraft:wooden_sword":2,"minecraft:iron_shovel":3,"minecraft:spruce_planks":246,"minecraft:beef":9,"minecraft:calcite":2,"minecraft:iron_pickaxe":3,"minecraft:chest":1,"minecraft:sugar_cane":6,"minecraft:iron_boots":3,"minecraft:furnace":6,"minecraft:raw_iron":24,"minecraft:stick":47,"minecraft:composter":1,"minecraft:torch":1,"minecraft:spruce_fence":3,"minecraft:porkchop":4,"minecraft:diorite":2,"minecraft:carrot":3,"minecraft:arrow":8,"minecraft:rotten_flesh":9,"minecraft:mutton":6,"minecraft:white_wool":6,"minecraft:cobblestone":341,"minecraft:water_bucket":2,"minecraft:andesite":148,"minecraft:smoker":5,"minecraft:potato":44,"minecraft:filled_map":1,"minecraft:stripped_spruce_wood":1,"minecraft:gunpowder":2,"minecraft:blue_bed":4,"minecraft:dirt":44,"minecraft:bone":7,"minecraft:bow":2,"minecraft:wheat_seeds":14,"minecraft:stone_pickaxe":7,"minecraft:iron_ingot":15,"minecraft:stone_hoe":1,"minecraft:sweet_berries":54,"minecraft:gravel":1,"minecraft:spruce_sapling":52,"minecraft:blast_furnace":3,"minecraft:white_bed":2,"minecraft:spruce_log":215,"minecraft:spider_eye":2,"minecraft:stone_axe":6,"minecraft:baked_potato":4,"minecraft:coal":4},"minecraft:broken":{"minecraft:shield":1},"minecraft:killed_by":{"minecraft:player":3,"minecraft:enderman":1,"minecraft:iron_golem":1,"minecraft:skeleton":3,"minecraft:zombie":2},"minecraft:dropped":{"minecraft:stone_hoe":1,"minecraft:water_bucket":1,"minecraft:iron_ingot":5,"minecraft:stick":2,"minecraft:wooden_axe":1,"minecraft:wooden_sword":1,"minecraft:iron_axe":1,"minecraft:iron_shovel":1,"minecraft:sweet_berries":3,"minecraft:raw_copper":1,"minecraft:composter":1,"minecraft:rotten_flesh":2,"minecraft:white_bed":1,"minecraft:filled_map":1,"minecraft:shield":3,"minecraft:spruce_planks":21,"minecraft:wooden_pickaxe":4,"minecraft:stone_pickaxe":1},"minecraft:killed":{"minecraft:spider":1,"minecraft:skeleton":3,"minecraft:pig":2,"minecraft:creeper":1,"minecraft:sheep":2,"minecraft:zombie":5,"minecraft:villager":5,"minecraft:cow":3},"minecraft:used":{"minecraft:spruce_planks":52,"minecraft:chest":1,"minecraft:shield":73,"minecraft:stone_hoe":18,"minecraft:rotten_flesh":1,"minecraft:torch":1,"minecraft:dirt":4,"minecraft:snowball":16,"minecraft:wooden_axe":9,"minecraft:iron_axe":85,"minecraft:iron_boots":1,"minecraft:bow":4,"minecraft:sweet_berries":24,"minecraft:furnace":2,"minecraft:wheat_seeds":2,"minecraft:cooked_mutton":1,"minecraft:water_bucket":13,"minecraft:stone_pickaxe":99,"minecraft:baked_potato":12,"minecraft:wooden_pickaxe":6,"minecraft:blue_bed":2,"minecraft:crafting_table":9,"minecraft:blast_furnace":1,"minecraft:smoker":3,"minecraft:spruce_log":12,"minecraft:iron_pickaxe":237,"minecraft:stone_axe":26,"minecraft:cobblestone":125,"minecraft:bucket":13,"minecraft:andesite":34}},"DataVersion":3953}