{"stats":{"minecraft:crafted":{"minecraft:crafting_table":1,"minecraft:spruce_planks":152,"minecraft:baked_potato":5,"minecraft:wooden_pickaxe":1,"minecraft:furnace":1,"minecraft:bucket":1,"minecraft:stone_axe":1,"minecraft:cooked_mutton":1,"minecraft:air":0,"minecraft:shield":3,"minecraft:iron_axe":2,"minecraft:stick":16,"minecraft:iron_ingot":10,"minecraft:iron_pickaxe":1,"minecraft:stone_pickaxe":1,"minecraft:wooden_axe":1,"minecraft:chest":1,"minecraft:iron_shovel":1},"minecraft:custom":{"minecraft:interact_with_furnace":22,"minecraft:mob_kills":19,"minecraft:interact_with_crafting_table":24,"minecraft:open_barrel":3,"minecraft:leave_game":2,"minecraft:time_since_death":1639,"minecraft:sleep_in_bed":3,"minecraft:time_since_rest":1666,"minecraft:sprint_one_cm":216617,"minecraft:damage_taken":3743,"minecraft:walk_one_cm":152219,"minecraft:damage_blocked_by_shield":3171,"minecraft:drop":23,"minecraft:damage_dealt":4723,"minecraft:player_kills":6,"minecraft:swim_one_cm":10389,"minecraft:fly_one_cm":318695,"minecraft:open_chest":12,"minecraft:crouch_one_cm":17409,"minecraft:play_time":59058,"minecraft:deaths":10,"minecraft:sneak_time":5334,"minecraft:walk_under_water_one_cm":8065,"minecraft:boat_one_cm":100444,"minecraft:jump":1578,"minecraft:walk_on_water_one_cm":8028,"minecraft:total_world_time":59058,"minecraft:interact_with_smoker":5,"minecraft:fall_one_cm":49553},"minecraft:mined":{"minecraft:spruce_planks":1,"minecraft:white_bed":1,"minecraft:smoker":3,"minecraft:crafting_table":7,"minecraft:short_grass":9,"minecraft:blast_furnace":1,"minecraft:spruce_fence":1,"minecraft:grass_block":1,"minecraft:chest":1,"minecraft:copper_ore":1,"minecraft:cobblestone":8,"minecraft:spruce_leaves":16,"minecraft:diorite":5,"minecraft:wall_torch":1,"minecraft:blue_bed":2,"minecraft:large_fern":1,"minecraft:furnace":2,"minecraft:carrots":1,"minecraft:iron_ore":13,"minecraft:fire":3,"minecraft:wheat":5,"minecraft:sweet_berry_bush":11,"minecraft:spruce_log":37,"minecraft:andesite":8,"minecraft:potatoes":14,"minecraft:coal_ore":2,"minecraft:dirt":1,"minecraft:packed_ice":1,"minecraft:stone":89,"minecraft:fern":2},"minecraft:picked_up":{"minecraft:wooden_axe":3,"minecraft:crafting_table":15,"minecraft:water_bucket":2,"minecraft:andesite":8,"minecraft:wooden_pickaxe":9,"minecraft:smoker":5,"minecraft:potato":44,"minecraft:filled_map":1,"minecraft:stripped_spruce_wood":1,"minecraft:shield":10,"minecraft:gunpowder":2,"minecraft:string":1,"minecraft:dirt":43,"minecraft:blue_bed":4,"minecraft:raw_copper":5,"minecraft:iron_axe":6,"minecraft:wooden_sword":2,"minecraft:iron_shovel":3,"minecraft:bone":7,"minecraft:bow":2,"minecraft:wheat_seeds":14,"minecraft:spruce_planks":246,"minecraft:iron_ingot":15,"minecraft:beef":9,"minecraft:stone_pickaxe":7,"minecraft:iron_pickaxe":3,"minecraft:sugar_cane":6,"minecraft:chest":1,"minecraft:iron_boots":3,"minecraft:furnace":4,"minecraft:stick":47,"minecraft:raw_iron":16,"minecraft:sweet_berries":54,"minecraft:composter":1,"minecraft:torch":1,"minecraft:spruce_fence":3,"minecraft:spruce_sapling":52,"minecraft:blast_furnace":3,"minecraft:diorite":2,"minecraft:white_bed":2,"minecraft:spruce_log":215,"minecraft:carrot":3,"minecraft:spider_eye":2,"minecraft:arrow":7,"minecraft:rotten_flesh":7,"minecraft:stone_axe":6,"minecraft:baked_potato":4,"minecraft:mutton":6,"minecraft:coal":4,"minecraft:white_wool":6,"minecraft:cobblestone":284},"minecraft:killed_by":{"minecraft:player":3,"minecraft:skeleton":3,"minecraft:zombie":2,"minecraft:enderman":1,"minecraft:iron_golem":1},"minecraft:broken":{"minecraft:shield":1},"minecraft:dropped":{"minecraft:iron_ingot":5,"minecraft:sweet_berries":3,"minecraft:raw_copper":1,"minecraft:composter":1,"minecraft:white_bed":1,"minecraft:stick":2,"minecraft:filled_map":1,"minecraft:shield":3,"minecraft:spruce_planks":21,"minecraft:wooden_axe":1,"minecraft:wooden_sword":1,"minecraft:iron_axe":1,"minecraft:stone_pickaxe":1,"minecraft:wooden_pickaxe":4,"minecraft:iron_shovel":1},"minecraft:killed":{"minecraft:spider":1,"minecraft:creeper":1,"minecraft:skeleton":2,"minecraft:sheep":2,"minecraft:zombie":4,"minecraft:villager":5,"minecraft:cow":3},"minecraft:used":{"minecraft:wheat_seeds":2,"minecraft:cooked_mutton":1,"minecraft:water_bucket":7,"minecraft:stone_pickaxe":97,"minecraft:baked_potato":7,"minecraft:chest":1,"minecraft:spruce_planks":52,"minecraft:wooden_pickaxe":6,"minecraft:shield":70,"minecraft:blue_bed":1,"minecraft:rotten_flesh":1,"minecraft:torch":1,"minecraft:dirt":4,"minecraft:crafting_table":9,"minecraft:spruce_log":12,"minecraft:smoker":2,"minecraft:wooden_axe":9,"minecraft:iron_axe":76,"minecraft:iron_pickaxe":34,"minecraft:iron_boots":1,"minecraft:stone_axe":26,"minecraft:cobblestone":122,"minecraft:bow":4,"minecraft:sweet_berries":24,"minecraft:furnace":2,"minecraft:andesite":8,"minecraft:bucket":7}},"DataVersion":3953}