{"stats":{"minecraft:crafted":{"minecraft:crafting_table":1,"minecraft:spruce_planks":140,"minecraft:wooden_pickaxe":1,"minecraft:furnace":1,"minecraft:stone_axe":1,"minecraft:cooked_mutton":1,"minecraft:air":0,"minecraft:shield":1,"minecraft:iron_axe":1,"minecraft:stick":12,"minecraft:stone_pickaxe":1,"minecraft:wooden_axe":1,"minecraft:chest":1,"minecraft:iron_shovel":1},"minecraft:custom":{"minecraft:interact_with_furnace":8,"minecraft:mob_kills":16,"minecraft:interact_with_crafting_table":15,"minecraft:open_barrel":3,"minecraft:time_since_death":3389,"minecraft:sleep_in_bed":3,"minecraft:time_since_rest":3422,"minecraft:sprint_one_cm":125962,"minecraft:damage_taken":1827,"minecraft:walk_one_cm":85732,"minecraft:damage_blocked_by_shield":103,"minecraft:drop":15,"minecraft:damage_dealt":4043,"minecraft:swim_one_cm":5728,"minecraft:fly_one_cm":195652,"minecraft:player_kills":5,"minecraft:open_chest":2,"minecraft:crouch_one_cm":14089,"minecraft:play_time":35569,"minecraft:deaths":4,"minecraft:sneak_time":4280,"minecraft:walk_under_water_one_cm":3524,"minecraft:boat_one_cm":100444,"minecraft:jump":890,"minecraft:walk_on_water_one_cm":4573,"minecraft:total_world_time":35569,"minecraft:fall_one_cm":28306},"minecraft:mined":{"minecraft:spruce_planks":1,"minecraft:white_bed":1,"minecraft:crafting_table":5,"minecraft:short_grass":9,"minecraft:grass_block":1,"minecraft:cobblestone":2,"minecraft:copper_ore":1,"minecraft:spruce_leaves":3,"minecraft:diorite":5,"minecraft:blue_bed":1,"minecraft:large_fern":1,"minecraft:furnace":1,"minecraft:iron_ore":10,"minecraft:fire":3,"minecraft:sweet_berry_bush":11,"minecraft:spruce_log":14,"minecraft:andesite":6,"minecraft:coal_ore":2,"minecraft:dirt":1,"minecraft:stone":70,"minecraft:fern":2},"minecraft:picked_up":{"minecraft:wooden_axe":2,"minecraft:crafting_table":14,"minecraft:andesite":6,"minecraft:wooden_pickaxe":5,"minecraft:filled_map":1,"minecraft:shield":4,"minecraft:gunpowder":2,"minecraft:string":1,"minecraft:blue_bed":1,"minecraft:dirt":9,"minecraft:iron_axe":1,"minecraft:raw_copper":3,"minecraft:wooden_sword":1,"minecraft:wheat_seeds":3,"minecraft:spruce_planks":245,"minecraft:beef":6,"minecraft:iron_ingot":10,"minecraft:stone_pickaxe":5,"minecraft:sugar_cane":6,"minecraft:furnace":2,"minecraft:stick":17,"minecraft:raw_iron":9,"minecraft:sweet_berries":54,"minecraft:composter":1,"minecraft:spruce_sapling":29,"minecraft:diorite":2,"minecraft:white_bed":2,"minecraft:spruce_log":60,"minecraft:spider_eye":2,"minecraft:rotten_flesh":3,"minecraft:stone_axe":4,"minecraft:mutton":6,"minecraft:coal":4,"minecraft:white_wool":6,"minecraft:cobblestone":118},"minecraft:killed_by":{"minecraft:player":3,"minecraft:iron_golem":1},"minecraft:dropped":{"minecraft:iron_ingot":5,"minecraft:sweet_berries":3,"minecraft:raw_copper":1,"minecraft:composter":1,"minecraft:white_bed":1,"minecraft:stick":2,"minecraft:filled_map":1,"minecraft:shield":1,"minecraft:spruce_planks":21,"minecraft:stone_pickaxe":1,"minecraft:wooden_pickaxe":1,"minecraft:iron_shovel":1},"minecraft:killed":{"minecraft:spider":1,"minecraft:creeper":1,"minecraft:sheep":2,"minecraft:zombie":4,"minecraft:villager":5,"minecraft:cow":3},"minecraft:used":{"minecraft:cooked_mutton":1,"minecraft:stone_pickaxe":96,"minecraft:wooden_pickaxe":6,"minecraft:chest":1,"minecraft:spruce_planks":52,"minecraft:shield":2,"minecraft:rotten_flesh":1,"minecraft:dirt":1,"minecraft:crafting_table":7,"minecraft:spruce_log":6,"minecraft:wooden_axe":9,"minecraft:iron_axe":32,"minecraft:stone_axe":25,"minecraft:cobblestone":66,"minecraft:sweet_berries":24,"minecraft:furnace":2,"minecraft:andesite":6}},"DataVersion":3953}