{"stats":{"minecraft:crafted":{"minecraft:crafting_table":1,"minecraft:spruce_planks":120,"minecraft:wooden_pickaxe":1,"minecraft:furnace":1,"minecraft:stone_axe":1,"minecraft:cooked_mutton":1,"minecraft:air":0,"minecraft:shield":1,"minecraft:iron_axe":1,"minecraft:stick":12,"minecraft:stone_pickaxe":1,"minecraft:wooden_axe":1,"minecraft:chest":1,"minecraft:iron_shovel":1},"minecraft:custom":{"minecraft:interact_with_furnace":6,"minecraft:mob_kills":10,"minecraft:interact_with_crafting_table":15,"minecraft:open_barrel":3,"minecraft:time_since_death":12814,"minecraft:sleep_in_bed":2,"minecraft:time_since_rest":10494,"minecraft:sprint_one_cm":100916,"minecraft:damage_taken":1372,"minecraft:walk_one_cm":49990,"minecraft:damage_blocked_by_shield":28,"minecraft:drop":12,"minecraft:damage_dealt":2797,"minecraft:swim_one_cm":1707,"minecraft:fly_one_cm":162950,"minecraft:player_kills":4,"minecraft:open_chest":2,"minecraft:crouch_one_cm":3589,"minecraft:play_time":23569,"minecraft:deaths":3,"minecraft:sneak_time":946,"minecraft:walk_under_water_one_cm":1194,"minecraft:boat_one_cm":100444,"minecraft:jump":615,"minecraft:walk_on_water_one_cm":94,"minecraft:total_world_time":23569,"minecraft:fall_one_cm":22066},"minecraft:mined":{"minecraft:spruce_planks":1,"minecraft:white_bed":1,"minecraft:crafting_table":5,"minecraft:short_grass":9,"minecraft:grass_block":1,"minecraft:spruce_leaves":3,"minecraft:large_fern":1,"minecraft:furnace":1,"minecraft:fire":3,"minecraft:sweet_berry_bush":11,"minecraft:spruce_log":14,"minecraft:andesite":6,"minecraft:stone":12,"minecraft:fern":2},"minecraft:picked_up":{"minecraft:wooden_axe":2,"minecraft:crafting_table":12,"minecraft:andesite":6,"minecraft:wooden_pickaxe":5,"minecraft:filled_map":1,"minecraft:shield":3,"minecraft:dirt":6,"minecraft:wooden_sword":1,"minecraft:wheat_seeds":2,"minecraft:spruce_planks":229,"minecraft:beef":6,"minecraft:iron_ingot":10,"minecraft:stone_pickaxe":4,"minecraft:sugar_cane":4,"minecraft:furnace":1,"minecraft:stick":17,"minecraft:sweet_berries":54,"minecraft:spruce_sapling":29,"minecraft:white_bed":1,"minecraft:spruce_log":60,"minecraft:spider_eye":1,"minecraft:stone_axe":3,"minecraft:mutton":6,"minecraft:white_wool":4,"minecraft:cobblestone":61},"minecraft:killed_by":{"minecraft:player":2,"minecraft:iron_golem":1},"minecraft:dropped":{"minecraft:iron_ingot":5,"minecraft:sweet_berries":3,"minecraft:stick":2,"minecraft:filled_map":1,"minecraft:shield":1,"minecraft:spruce_planks":21,"minecraft:stone_pickaxe":1,"minecraft:wooden_pickaxe":1,"minecraft:iron_shovel":1},"minecraft:killed":{"minecraft:sheep":2,"minecraft:villager":5,"minecraft:cow":3},"minecraft:used":{"minecraft:cooked_mutton":1,"minecraft:stone_pickaxe":15,"minecraft:wooden_pickaxe":6,"minecraft:chest":1,"minecraft:spruce_planks":28,"minecraft:shield":1,"minecraft:dirt":1,"minecraft:crafting_table":7,"minecraft:spruce_log":6,"minecraft:wooden_axe":9,"minecraft:iron_axe":14,"minecraft:stone_axe":25,"minecraft:cobblestone":19,"minecraft:sweet_berries":17,"minecraft:furnace":1}},"DataVersion":3953}