{"stats":{"minecraft:crafted":{"minecraft:oak_planks":180,"minecraft:cooked_porkchop":11,"minecraft:shield":1,"minecraft:crafting_table":1,"minecraft:stick":8,"minecraft:iron_ingot":3,"minecraft:wooden_pickaxe":1,"minecraft:stone_pickaxe":1,"minecraft:iron_sword":1,"minecraft:furnace":2,"minecraft:white_bed":1,"minecraft:stone_axe":1,"minecraft:air":0,"minecraft:cooked_mutton":4},"minecraft:custom":{"minecraft:time_since_rest":0,"minecraft:interact_with_furnace":20,"minecraft:sprint_one_cm":74660,"minecraft:damage_taken":115,"minecraft:walk_one_cm":42674,"minecraft:damage_blocked_by_shield":495,"minecraft:mob_kills":21,"minecraft:drop":5,"minecraft:damage_dealt":2101,"minecraft:interact_with_crafting_table":6,"minecraft:fly_one_cm":129053,"minecraft:open_chest":1,"minecraft:crouch_one_cm":1280,"minecraft:play_time":20130,"minecraft:sneak_time":672,"minecraft:jump":527,"minecraft:leave_game":1,"minecraft:time_since_death":20130,"minecraft:sleep_in_bed":3,"minecraft:total_world_time":20130,"minecraft:fall_one_cm":15447},"minecraft:mined":{"minecraft:iron_ore":5,"minecraft:andesite":4,"minecraft:crafting_table":2,"minecraft:short_grass":20,"minecraft:grass_block":5,"minecraft:oak_log":109,"minecraft:dirt":17,"minecraft:tall_grass":4,"minecraft:stone":28,"minecraft:diorite":4,"minecraft:oak_leaves":57},"minecraft:picked_up":{"minecraft:raw_iron":4,"minecraft:stick":2,"minecraft:crafting_table":2,"minecraft:feather":1,"minecraft:chicken":1,"minecraft:andesite":4,"minecraft:porkchop":20,"minecraft:oak_log":109,"minecraft:diorite":4,"minecraft:dirt":22,"minecraft:rotten_flesh":1,"minecraft:apple":4,"minecraft:wheat_seeds":6,"minecraft:beef":3,"minecraft:gray_wool":1,"minecraft:light_gray_wool":1,"minecraft:oak_sapling":6,"minecraft:mutton":6,"minecraft:white_wool":3,"minecraft:cobblestone":28,"minecraft:egg":1},"minecraft:broken":{"minecraft:stone_axe":1},"minecraft:dropped":{"minecraft:wheat_seeds":5},"minecraft:killed":{"minecraft:sheep":5,"minecraft:pillager":1,"minecraft:zombie":4,"minecraft:pig":8,"minecraft:chicken":1,"minecraft:cow":1},"minecraft:used":{"minecraft:cooked_mutton":2,"minecraft:stone_pickaxe":38,"minecraft:oak_planks":6,"minecraft:wooden_pickaxe":22,"minecraft:shield":9,"minecraft:iron_sword":54,"minecraft:stone_axe":134,"minecraft:dirt":4,"minecraft:crafting_table":3,"minecraft:furnace":2,"minecraft:goat_horn":5,"minecraft:carrot":5,"minecraft:white_bed":1,"minecraft:egg":1}},"DataVersion":3953}