{"stats":{"minecraft:mined":{"minecraft:hay_block":2,"minecraft:birch_log":9,"minecraft:spruce_log":52,"minecraft:birch_leaves":1,"minecraft:powder_snow":9,"minecraft:yellow_bed":1,"minecraft:crafting_table":1,"minecraft:grass":1,"minecraft:grass_block":2,"minecraft:tall_grass":1,"minecraft:spruce_leaves":3,"minecraft:stone":9},"minecraft:crafted":{"minecraft:crafting_table":1,"minecraft:spruce_planks":260,"minecraft:stone_axe":1,"paladins:stone_claymore":1},"minecraft:picked_up":{"minecraft:birch_log":9,"minecraft:stick":14,"minecraft:crafting_table":1,"minecraft:spruce_sapling":19,"minecraft:yellow_bed":1,"minecraft:spruce_log":65,"minecraft:dirt":2,"minecraft:hay_block":1,"minecraft:birch_sapling":1,"minecraft:mutton":1,"minecraft:white_wool":1,"minecraft:cobblestone":9},"minecraft:custom":{"minecraft:time_since_rest":5207,"minecraft:sprint_one_cm":10013,"minecraft:damage_taken":160,"minecraft:walk_one_cm":52114,"minecraft:mob_kills":1,"minecraft:damage_dealt":341,"minecraft:interact_with_crafting_table":1,"minecraft:fly_one_cm":5448,"minecraft:open_barrel":3,"minecraft:open_chest":3,"minecraft:crouch_one_cm":3524,"minecraft:play_time":14066,"minecraft:sneak_time":691,"minecraft:jump":90,"minecraft:leave_game":3,"minecraft:time_since_death":14066,"minecraft:sleep_in_bed":2,"minecraft:total_world_time":14066,"minecraft:fall_one_cm":1380},"minecraft:killed":{"minecraft:sheep":1},"minecraft:used":{"minecraft:wooden_axe":2,"minecraft:bread":3,"minecraft:spruce_planks":4,"minecraft:wooden_pickaxe":10,"rogues:stone_double_axe":6,"minecraft:stone_axe":69,"minecraft:crafting_table":2,"paladins:stone_claymore":2}},"DataVersion":3465}