{"stats":{"minecraft:picked_up":{"minecraft:carrot":2},"minecraft:used":{"minecraft:carrot":13},"minecraft:dropped":{"minecraft:carrot":2},"minecraft:custom":{"minecraft:jump":1355,"minecraft:open_chest":3,"minecraft:time_since_rest":37797,"minecraft:play_one_minute":37797,"minecraft:crouch_one_cm":3105,"minecraft:leave_game":1,"minecraft:sprint_one_cm":113676,"minecraft:time_since_death":37797,"minecraft:walk_on_water_one_cm":868,"minecraft:walk_one_cm":69070,"minecraft:sneak_time":1103,"minecraft:walk_under_water_one_cm":4235,"minecraft:climb_one_cm":28824,"minecraft:damage_resisted":2620,"minecraft:drop":2,"minecraft:swim_one_cm":4584,"minecraft:interact_with_lectern":7,"minecraft:fall_one_cm":66298,"minecraft:fly_one_cm":266192}},"DataVersion":2586}