{"stats":{"minecraft:picked_up":{"minecraft:carrot":2},"minecraft:used":{"minecraft:carrot":7},"minecraft:dropped":{"minecraft:carrot":2},"minecraft:custom":{"minecraft:jump":590,"minecraft:open_chest":3,"minecraft:time_since_rest":19797,"minecraft:play_one_minute":19797,"minecraft:crouch_one_cm":1510,"minecraft:leave_game":1,"minecraft:sprint_one_cm":54333,"minecraft:time_since_death":19797,"minecraft:walk_on_water_one_cm":826,"minecraft:walk_one_cm":25132,"minecraft:sneak_time":670,"minecraft:walk_under_water_one_cm":3504,"minecraft:climb_one_cm":3499,"minecraft:damage_resisted":830,"minecraft:drop":2,"minecraft:swim_one_cm":4422,"minecraft:interact_with_lectern":1,"minecraft:fall_one_cm":26821,"minecraft:fly_one_cm":138411}},"DataVersion":2586}