{"stats":{"minecraft:crafted":{"minecraft:crafting_table":1,"minecraft:spruce_planks":120,"minecraft:stick":8,"minecraft:wooden_pickaxe":1,"minecraft:stone_pickaxe":1,"minecraft:wooden_axe":1,"minecraft:chest":1,"minecraft:stone_axe":1},"minecraft:custom":{"minecraft:time_since_rest":844,"minecraft:sprint_one_cm":53329,"minecraft:damage_taken":1107,"minecraft:walk_one_cm":25305,"minecraft:damage_blocked_by_shield":28,"minecraft:mob_kills":5,"minecraft:drop":4,"minecraft:damage_dealt":1753,"minecraft:player_kills":4,"minecraft:interact_with_crafting_table":5,"minecraft:swim_one_cm":1707,"minecraft:fly_one_cm":72940,"minecraft:open_chest":2,"minecraft:crouch_one_cm":2621,"minecraft:play_time":11569,"minecraft:deaths":3,"minecraft:sneak_time":730,"minecraft:walk_under_water_one_cm":1194,"minecraft:jump":312,"minecraft:time_since_death":814,"minecraft:walk_on_water_one_cm":94,"minecraft:total_world_time":11569,"minecraft:fall_one_cm":11357},"minecraft:mined":{"minecraft:large_fern":1,"minecraft:fire":3,"minecraft:sweet_berry_bush":11,"minecraft:spruce_log":14,"minecraft:crafting_table":2,"minecraft:grass_block":1,"minecraft:spruce_leaves":3,"minecraft:stone":6,"minecraft:fern":2},"minecraft:picked_up":{"minecraft:wooden_axe":2,"minecraft:stick":17,"minecraft:crafting_table":7,"minecraft:sweet_berries":27,"minecraft:wooden_pickaxe":5,"minecraft:spruce_sapling":29,"minecraft:spruce_log":55,"minecraft:shield":2,"minecraft:dirt":6,"minecraft:wooden_sword":1,"minecraft:stone_axe":2,"minecraft:wheat_seeds":1,"minecraft:spruce_planks":117,"minecraft:beef":6,"minecraft:stone_pickaxe":3,"minecraft:sugar_cane":2,"minecraft:mutton":3,"minecraft:white_wool":2,"minecraft:cobblestone":47},"minecraft:dropped":{"minecraft:stone_pickaxe":1,"minecraft:wooden_pickaxe":1,"minecraft:stick":2},"minecraft:killed_by":{"minecraft:iron_golem":1,"minecraft:player":2},"minecraft:killed":{"minecraft:sheep":2,"minecraft:cow":3},"minecraft:used":{"minecraft:wooden_axe":9,"minecraft:spruce_planks":18,"minecraft:chest":1,"minecraft:shield":1,"minecraft:wooden_pickaxe":6,"minecraft:stone_axe":24,"minecraft:dirt":1,"minecraft:cobblestone":19,"minecraft:crafting_table":4,"minecraft:spruce_log":6}},"DataVersion":3953}