{"stats":{"minecraft:crafted":{"minecraft:crafting_table":1,"minecraft:spruce_planks":152,"minecraft:baked_potato":1,"minecraft:wooden_pickaxe":1,"minecraft:furnace":1,"minecraft:bucket":1,"minecraft:stone_axe":1,"minecraft:cooked_mutton":1,"minecraft:air":0,"minecraft:shield":3,"minecraft:iron_axe":2,"minecraft:stick":16,"minecraft:iron_ingot":10,"minecraft:iron_pickaxe":1,"minecraft:stone_pickaxe":1,"minecraft:wooden_axe":1,"minecraft:chest":1,"minecraft:iron_shovel":1},"minecraft:custom":{"minecraft:interact_with_furnace":21,"minecraft:mob_kills":16,"minecraft:interact_with_crafting_table":24,"minecraft:open_barrel":3,"minecraft:leave_game":1,"minecraft:time_since_death":1457,"minecraft:sleep_in_bed":3,"minecraft:time_since_rest":1490,"minecraft:sprint_one_cm":167494,"minecraft:damage_taken":2407,"minecraft:walk_one_cm":114032,"minecraft:damage_blocked_by_shield":2353,"minecraft:drop":22,"minecraft:damage_dealt":4281,"minecraft:player_kills":6,"minecraft:swim_one_cm":10389,"minecraft:fly_one_cm":253868,"minecraft:open_chest":12,"minecraft:crouch_one_cm":14932,"minecraft:play_time":47315,"minecraft:deaths":6,"minecraft:sneak_time":4618,"minecraft:walk_under_water_one_cm":8065,"minecraft:boat_one_cm":100444,"minecraft:jump":1209,"minecraft:walk_on_water_one_cm":7626,"minecraft:total_world_time":47315,"minecraft:fall_one_cm":38304},"minecraft:mined":{"minecraft:spruce_planks":1,"minecraft:white_bed":1,"minecraft:crafting_table":7,"minecraft:short_grass":9,"minecraft:grass_block":1,"minecraft:chest":1,"minecraft:copper_ore":1,"minecraft:cobblestone":5,"minecraft:spruce_leaves":8,"minecraft:diorite":5,"minecraft:blue_bed":1,"minecraft:large_fern":1,"minecraft:furnace":2,"minecraft:iron_ore":12,"minecraft:fire":3,"minecraft:sweet_berry_bush":11,"minecraft:spruce_log":14,"minecraft:andesite":6,"minecraft:coal_ore":2,"minecraft:dirt":1,"minecraft:stone":71,"minecraft:fern":2},"minecraft:picked_up":{"minecraft:wooden_axe":3,"minecraft:crafting_table":15,"minecraft:andesite":6,"minecraft:wooden_pickaxe":9,"minecraft:filled_map":1,"minecraft:shield":4,"minecraft:gunpowder":2,"minecraft:dirt":9,"minecraft:blue_bed":1,"minecraft:string":1,"minecraft:raw_copper":3,"minecraft:iron_axe":2,"minecraft:wooden_sword":2,"minecraft:iron_shovel":1,"minecraft:wheat_seeds":3,"minecraft:spruce_planks":246,"minecraft:stone_pickaxe":5,"minecraft:iron_ingot":15,"minecraft:beef":9,"minecraft:iron_pickaxe":1,"minecraft:sugar_cane":6,"minecraft:chest":1,"minecraft:iron_boots":1,"minecraft:furnace":3,"minecraft:stick":29,"minecraft:raw_iron":11,"minecraft:sweet_berries":54,"minecraft:composter":1,"minecraft:spruce_sapling":42,"minecraft:diorite":2,"minecraft:white_bed":2,"minecraft:spruce_log":60,"minecraft:spider_eye":2,"minecraft:rotten_flesh":3,"minecraft:stone_axe":4,"minecraft:baked_potato":3,"minecraft:mutton":6,"minecraft:coal":4,"minecraft:white_wool":6,"minecraft:cobblestone":121},"minecraft:killed_by":{"minecraft:player":3,"minecraft:skeleton":1,"minecraft:zombie":1,"minecraft:iron_golem":1},"minecraft:broken":{"minecraft:shield":1},"minecraft:dropped":{"minecraft:iron_ingot":5,"minecraft:sweet_berries":3,"minecraft:raw_copper":1,"minecraft:composter":1,"minecraft:white_bed":1,"minecraft:stick":2,"minecraft:filled_map":1,"minecraft:shield":2,"minecraft:spruce_planks":21,"minecraft:wooden_axe":1,"minecraft:wooden_sword":1,"minecraft:iron_axe":1,"minecraft:wooden_pickaxe":4,"minecraft:stone_pickaxe":1,"minecraft:iron_shovel":1},"minecraft:killed":{"minecraft:spider":1,"minecraft:creeper":1,"minecraft:sheep":2,"minecraft:zombie":4,"minecraft:villager":5,"minecraft:cow":3},"minecraft:used":{"minecraft:cooked_mutton":1,"minecraft:water_bucket":6,"minecraft:stone_pickaxe":97,"minecraft:baked_potato":3,"minecraft:wooden_pickaxe":6,"minecraft:chest":1,"minecraft:spruce_planks":52,"minecraft:shield":63,"minecraft:blue_bed":1,"minecraft:rotten_flesh":1,"minecraft:dirt":4,"minecraft:crafting_table":9,"minecraft:spruce_log":6,"minecraft:wooden_axe":9,"minecraft:iron_axe":38,"minecraft:iron_pickaxe":6,"minecraft:iron_boots":1,"minecraft:stone_axe":26,"minecraft:cobblestone":67,"minecraft:sweet_berries":24,"minecraft:furnace":2,"minecraft:bucket":6,"minecraft:andesite":6}},"DataVersion":3953}