{"stats":{"minecraft:used":{"minecraft:carrot":2},"minecraft:custom":{"minecraft:jump":369,"minecraft:open_chest":1,"minecraft:time_since_rest":10425,"minecraft:crouch_one_cm":80,"minecraft:play_one_minute":10425,"minecraft:leave_game":2,"minecraft:sprint_one_cm":18819,"minecraft:time_since_death":10425,"minecraft:walk_one_cm":7379,"minecraft:sneak_time":54,"minecraft:climb_one_cm":18475,"minecraft:damage_resisted":1220,"minecraft:fall_one_cm":27103,"minecraft:fly_one_cm":70101}},"DataVersion":2586}