{"stats":{"minecraft:crafted":{"minecraft:shield":1,"minecraft:crafting_table":2,"minecraft:spruce_planks":80,"minecraft:stick":8,"minecraft:wooden_pickaxe":2,"minecraft:iron_ingot":1,"minecraft:stone_pickaxe":1,"minecraft:furnace":1,"minecraft:stone_axe":2,"minecraft:air":0},"minecraft:custom":{"minecraft:time_since_rest":2856,"minecraft:interact_with_furnace":3,"minecraft:sprint_one_cm":45690,"minecraft:damage_taken":832,"minecraft:walk_one_cm":23782,"minecraft:damage_blocked_by_shield":212,"minecraft:drop":8,"minecraft:damage_dealt":510,"minecraft:interact_with_crafting_table":7,"minecraft:fly_one_cm":94273,"minecraft:player_kills":2,"minecraft:crouch_one_cm":1293,"minecraft:play_time":11477,"minecraft:deaths":3,"minecraft:sneak_time":420,"minecraft:jump":407,"minecraft:leave_game":1,"minecraft:time_since_death":2832,"minecraft:total_world_time":11477,"minecraft:fall_one_cm":12708},"minecraft:mined":{"minecraft:iron_ore":1,"minecraft:spruce_log":36,"minecraft:crafting_table":4,"minecraft:grass_block":1,"minecraft:dirt":3,"minecraft:spruce_leaves":1,"minecraft:stone":19},"minecraft:picked_up":{"minecraft:wooden_axe":1,"minecraft:crafting_table":6,"minecraft:stick":17,"minecraft:raw_iron":1,"minecraft:sweet_berries":27,"minecraft:wooden_pickaxe":6,"minecraft:spruce_sapling":23,"minecraft:shield":2,"minecraft:spruce_log":38,"minecraft:dirt":9,"minecraft:wooden_sword":1,"minecraft:wheat_seeds":1,"minecraft:stone_axe":2,"minecraft:spruce_planks":213,"minecraft:beef":3,"minecraft:stone_pickaxe":3,"minecraft:sugar_cane":2,"minecraft:mutton":3,"minecraft:white_wool":2,"minecraft:cobblestone":42},"minecraft:killed_by":{"minecraft:player":2},"minecraft:dropped":{"minecraft:stone_axe":1,"minecraft:wooden_axe":1,"minecraft:wooden_sword":1,"minecraft:wooden_pickaxe":4,"minecraft:stone_pickaxe":1},"minecraft:used":{"minecraft:stone_pickaxe":19,"minecraft:spruce_planks":3,"minecraft:wooden_pickaxe":8,"minecraft:shield":2,"minecraft:spruce_sapling":1,"minecraft:stone_axe":23,"minecraft:dirt":4,"minecraft:crafting_table":3,"minecraft:furnace":1,"minecraft:spruce_log":1}},"DataVersion":3953}