{"stats":{"minecraft:crafted":{"minecraft:spruce_sign":3,"minecraft:crafting_table":3,"minecraft:spruce_planks":80,"minecraft:wooden_pickaxe":3,"minecraft:furnace":2,"minecraft:stone_axe":3,"minecraft:cooked_mutton":2,"minecraft:air":0,"minecraft:shield":1,"minecraft:stick":16,"minecraft:iron_ingot":2,"minecraft:stone_pickaxe":2,"minecraft:chest":2,"minecraft:spruce_boat":1,"minecraft:torch":4},"minecraft:custom":{"minecraft:interact_with_furnace":18,"minecraft:mob_kills":7,"minecraft:interact_with_crafting_table":24,"minecraft:leave_game":1,"minecraft:time_since_death":2818,"minecraft:sleep_in_bed":4,"minecraft:time_since_rest":1593,"minecraft:sprint_one_cm":97014,"minecraft:damage_taken":1247,"minecraft:walk_one_cm":78915,"minecraft:damage_blocked_by_shield":257,"minecraft:drop":25,"minecraft:damage_dealt":2299,"minecraft:talked_to_villager":1,"minecraft:fly_one_cm":199973,"minecraft:player_kills":3,"minecraft:open_chest":7,"minecraft:crouch_one_cm":10318,"minecraft:play_time":35477,"minecraft:deaths":4,"minecraft:sneak_time":2863,"minecraft:boat_one_cm":143720,"minecraft:jump":912,"minecraft:total_world_time":35477,"minecraft:fall_one_cm":27104},"minecraft:mined":{"minecraft:spruce_planks":1,"minecraft:white_bed":3,"minecraft:torch":1,"minecraft:crafting_table":6,"minecraft:glow_lichen":1,"minecraft:grass_block":3,"minecraft:cobblestone":7,"minecraft:spruce_leaves":1,"minecraft:composter":1,"minecraft:diorite":1,"minecraft:carrots":3,"minecraft:iron_ore":6,"minecraft:sweet_berry_bush":1,"minecraft:wheat":2,"minecraft:snow":2,"minecraft:andesite":2,"minecraft:spruce_log":36,"minecraft:stripped_spruce_log":3,"minecraft:potatoes":12,"minecraft:coal_ore":12,"minecraft:dirt":4,"minecraft:stone":57},"minecraft:picked_up":{"minecraft:wooden_axe":1,"minecraft:iron_chestplate":2,"minecraft:crafting_table":8,"minecraft:andesite":2,"minecraft:wooden_pickaxe":7,"minecraft:potato":24,"minecraft:filled_map":4,"minecraft:shield":6,"minecraft:string":2,"minecraft:dirt":11,"minecraft:raw_copper":2,"minecraft:wooden_sword":1,"minecraft:iron_shovel":2,"minecraft:wheat_seeds":5,"minecraft:spruce_planks":267,"minecraft:iron_ingot":2,"minecraft:beef":3,"minecraft:stone_pickaxe":4,"minecraft:sugar_cane":2,"minecraft:egg":2,"minecraft:stick":19,"minecraft:raw_iron":11,"minecraft:sweet_berries":30,"minecraft:composter":2,"minecraft:torch":1,"minecraft:diorite":2,"minecraft:stripped_spruce_log":3,"minecraft:spruce_sapling":23,"minecraft:white_bed":4,"minecraft:spruce_log":38,"minecraft:carrot":6,"minecraft:spruce_door":1,"minecraft:rotten_flesh":12,"minecraft:spruce_boat":2,"minecraft:stone_axe":3,"minecraft:granite":8,"minecraft:mutton":3,"minecraft:coal":40,"minecraft:snowball":4,"minecraft:white_wool":2,"minecraft:cobblestone":253},"minecraft:killed_by":{"minecraft:player":3},"minecraft:dropped":{"minecraft:stone_axe":2,"minecraft:sweet_berries":27,"minecraft:sugar_cane":2,"minecraft:wheat_seeds":1,"minecraft:crafting_table":2,"minecraft:cobblestone":8,"minecraft:filled_map":2,"minecraft:shield":1,"minecraft:spruce_planks":84,"minecraft:mutton":3,"minecraft:wooden_axe":1,"minecraft:wooden_sword":1,"minecraft:spruce_log":5,"minecraft:stone_pickaxe":2,"minecraft:wooden_pickaxe":4,"minecraft:white_wool":2},"minecraft:killed":{"minecraft:spider":1,"minecraft:iron_golem":1,"minecraft:zombie":5},"minecraft:used":{"minecraft:cooked_mutton":2,"minecraft:spruce_door":1,"minecraft:iron_shovel":5,"minecraft:stone_pickaxe":84,"minecraft:chest":2,"minecraft:shield":3,"minecraft:spruce_planks":4,"minecraft:wooden_pickaxe":11,"minecraft:spruce_sign":1,"minecraft:torch":2,"minecraft:dirt":4,"minecraft:crafting_table":6,"minecraft:white_bed":3,"minecraft:spruce_log":1,"minecraft:spruce_boat":1,"minecraft:map":2,"minecraft:spruce_sapling":1,"minecraft:stone_axe":51,"minecraft:cobblestone":7,"minecraft:sweet_berries":3,"minecraft:furnace":2,"minecraft:andesite":2}},"DataVersion":3953}