{"stats":{"minecraft:mined":{"minecraft:purple_wool":3,"minecraft:mangrove_leaves":6,"minecraft:spruce_slab":1},"minecraft:used":{"minecraft:stone_sword":10},"minecraft:custom":{"minecraft:jump":51,"minecraft:time_since_rest":7194,"lootr:looted_stat":2,"minecraft:damage_taken":10,"minecraft:crouch_one_cm":446,"minecraft:leave_game":2,"minecraft:sprint_one_cm":6815,"minecraft:play_time":7194,"minecraft:time_since_death":7194,"minecraft:walk_one_cm":6255,"minecraft:sneak_time":283,"minecraft:total_world_time":7194,"minecraft:climb_one_cm":618,"minecraft:fall_one_cm":1287,"minecraft:fly_one_cm":8241},"minecraft:picked_up":{"minecraft:purple_wool":3,"minecraft:spruce_slab":1}},"DataVersion":3465}