{"stats":{"minecraft:mined":{"minecraft:large_fern":1,"minecraft:spruce_stairs":1,"minecraft:coarse_dirt":4,"minecraft:iron_ore":4,"minecraft:sweet_berry_bush":4,"minecraft:spruce_log":57,"minecraft:powder_snow":5,"minecraft:crafting_table":1,"minecraft:grass":1,"minecraft:grass_block":1,"minecraft:decorated_pot":1,"minecraft:dirt":1,"minecraft:spruce_leaves":2,"minecraft:stone_bricks":1,"minecraft:stone":13,"minecraft:oak_leaves":1,"minecraft:spawner":2},"minecraft:crafted":{"minecraft:crafting_table":1,"minecraft:spruce_planks":4,"minecraft:stone_pickaxe":1,"minecraft:stone_sword":1,"paladins:stone_claymore":1},"minecraft:picked_up":{"minecraft:raw_iron":4,"minecraft:crafting_table":1,"minecraft:stick":4,"minecraft:coarse_dirt":4,"minecraft:ladder":3,"minecraft:sweet_berries":11,"minecraft:spruce_stairs":1,"minecraft:potion":2,"minecraft:spruce_sapling":8,"minecraft:spruce_log":41,"minecraft:string":2,"minecraft:dirt":2,"minecraft:stone_bricks":1,"minecraft:decorated_pot":1,"minecraft:cobblestone":13},"minecraft:custom":{"minecraft:time_since_rest":5215,"minecraft:sprint_one_cm":60203,"minecraft:damage_taken":732,"minecraft:walk_one_cm":42429,"minecraft:damage_dealt":336,"minecraft:interact_with_crafting_table":5,"minecraft:fly_one_cm":92505,"minecraft:open_barrel":7,"minecraft:open_chest":3,"minecraft:crouch_one_cm":659,"minecraft:play_time":22308,"minecraft:deaths":2,"minecraft:sneak_time":226,"minecraft:jump":419,"minecraft:interact_with_blast_furnace":2,"minecraft:leave_game":5,"minecraft:walk_on_water_one_cm":138,"minecraft:time_since_death":5184,"minecraft:climb_one_cm":399,"minecraft:total_world_time":22308,"minecraft:fall_one_cm":6562},"minecraft:broken":{"minecraft:wooden_axe":1},"minecraft:used":{"minecraft:wooden_axe":62,"minecraft:stone_sword":1,"minecraft:bread":4,"minecraft:stone_pickaxe":13,"minecraft:wooden_pickaxe":12,"minecraft:dirt":2,"minecraft:cobblestone":1,"minecraft:crafting_table":1,"minecraft:sweet_berries":2,"archers:flint_spear":13,"minecraft:coarse_dirt":4},"minecraft:killed_by":{"minecraft:skeleton":2}},"DataVersion":3465}