{"stats":{"minecraft:crafted":{"minecraft:furnace":2,"minecraft:cooked_mutton":2,"minecraft:iron_boots":1,"minecraft:stone_pickaxe":2,"minecraft:chest":2,"minecraft:spruce_boat":1,"minecraft:stone_hoe":1,"minecraft:spruce_sign":3,"minecraft:crafting_table":3,"minecraft:spruce_planks":80,"minecraft:wooden_pickaxe":3,"minecraft:stone_axe":3,"minecraft:air":0,"minecraft:shield":1,"minecraft:stick":24,"minecraft:iron_ingot":10,"minecraft:iron_pickaxe":1,"minecraft:torch":20},"minecraft:custom":{"minecraft:mob_kills":28,"minecraft:interact_with_crafting_table":35,"minecraft:leave_game":4,"minecraft:time_since_death":5180,"minecraft:sprint_one_cm":219683,"minecraft:walk_one_cm":155625,"minecraft:damage_blocked_by_shield":2231,"minecraft:drop":27,"minecraft:talked_to_villager":1,"minecraft:play_time":70325,"minecraft:deaths":13,"minecraft:sneak_time":3509,"minecraft:walk_under_water_one_cm":5761,"minecraft:boat_one_cm":143720,"minecraft:jump":2186,"minecraft:interact_with_blast_furnace":5,"minecraft:walk_on_water_one_cm":6124,"minecraft:total_world_time":70325,"minecraft:interact_with_furnace":37,"minecraft:interact_with_stonecutter":1,"minecraft:sleep_in_bed":5,"minecraft:time_since_rest":5205,"minecraft:damage_taken":3813,"minecraft:damage_dealt":5762,"minecraft:player_kills":3,"minecraft:swim_one_cm":5149,"minecraft:fly_one_cm":411116,"minecraft:open_chest":52,"minecraft:crouch_one_cm":11904,"minecraft:interact_with_smoker":4,"minecraft:fall_one_cm":64760},"minecraft:mined":{"minecraft:spruce_planks":1,"minecraft:white_bed":4,"minecraft:glow_lichen":1,"minecraft:grass_block":4,"minecraft:spruce_leaves":3,"minecraft:composter":1,"minecraft:large_fern":2,"minecraft:furnace":4,"minecraft:carrots":3,"minecraft:iron_ore":6,"minecraft:snow":2,"minecraft:andesite":13,"minecraft:stripped_spruce_log":3,"minecraft:potatoes":12,"minecraft:stone":122,"minecraft:crafting_table":6,"minecraft:torch":1,"minecraft:spruce_wall_sign":2,"minecraft:cobblestone":8,"minecraft:lapis_ore":2,"minecraft:diorite":1,"minecraft:blue_bed":3,"minecraft:wall_torch":1,"minecraft:stripped_spruce_wood":1,"minecraft:sweet_berry_bush":1,"minecraft:wheat":2,"minecraft:spruce_log":67,"minecraft:coal_ore":12,"minecraft:gravel":2,"minecraft:dirt":14},"minecraft:picked_up":{"minecraft:wooden_axe":1,"minecraft:iron_chestplate":2,"minecraft:crafting_table":10,"minecraft:wooden_pickaxe":7,"minecraft:shield":10,"minecraft:string":2,"minecraft:raw_copper":5,"minecraft:iron_axe":4,"minecraft:wooden_sword":1,"minecraft:iron_shovel":4,"minecraft:bucket":4,"minecraft:spruce_planks":269,"minecraft:beef":3,"minecraft:iron_pickaxe":2,"minecraft:sugar_cane":4,"minecraft:egg":2,"minecraft:iron_boots":2,"minecraft:furnace":7,"minecraft:raw_iron":13,"minecraft:stick":25,"minecraft:composter":2,"minecraft:torch":22,"minecraft:diorite":4,"minecraft:carrot":6,"minecraft:arrow":15,"minecraft:rotten_flesh":32,"minecraft:mutton":3,"minecraft:snowball":4,"minecraft:white_wool":6,"minecraft:cobblestone":478,"minecraft:water_bucket":1,"minecraft:andesite":13,"minecraft:potato":35,"minecraft:filled_map":4,"minecraft:stripped_spruce_wood":1,"minecraft:gunpowder":4,"minecraft:lapis_lazuli":15,"minecraft:blue_bed":5,"minecraft:dirt":69,"minecraft:bone":18,"minecraft:bow":2,"minecraft:wheat_seeds":5,"minecraft:stone_pickaxe":9,"minecraft:iron_ingot":13,"minecraft:stone_hoe":2,"minecraft:sweet_berries":30,"minecraft:gravel":3,"minecraft:stripped_spruce_log":9,"minecraft:spruce_sapling":24,"minecraft:white_bed":7,"minecraft:spruce_log":68,"minecraft:spider_eye":2,"minecraft:spruce_door":1,"minecraft:stone_axe":8,"minecraft:spruce_boat":4,"minecraft:granite":16,"minecraft:spruce_sign":6,"minecraft:baked_potato":1,"minecraft:coal":59},"minecraft:killed_by":{"minecraft:player":5,"minecraft:enderman":1,"minecraft:skeleton":2,"minecraft:zombie":4},"minecraft:dropped":{"minecraft:stone_hoe":1,"minecraft:wheat_seeds":1,"minecraft:crafting_table":2,"minecraft:cobblestone":8,"minecraft:mutton":3,"minecraft:wooden_axe":1,"minecraft:wooden_sword":1,"minecraft:white_wool":2,"minecraft:stone_axe":2,"minecraft:sweet_berries":27,"minecraft:sugar_cane":2,"minecraft:rotten_flesh":1,"minecraft:filled_map":2,"minecraft:shield":1,"minecraft:spruce_planks":84,"minecraft:spruce_log":5,"minecraft:wooden_pickaxe":4,"minecraft:stone_pickaxe":2},"minecraft:killed":{"minecraft:spider":1,"minecraft:skeleton":9,"minecraft:iron_golem":1,"minecraft:zombie":15},"minecraft:used":{"minecraft:iron_shovel":11,"minecraft:spruce_planks":4,"minecraft:chest":2,"minecraft:shield":47,"minecraft:stone_hoe":23,"minecraft:torch":19,"minecraft:dirt":48,"minecraft:carrot":4,"minecraft:spruce_boat":1,"minecraft:iron_axe":46,"minecraft:iron_boots":2,"minecraft:sweet_berries":3,"minecraft:furnace":5,"minecraft:potato":11,"minecraft:cooked_mutton":2,"minecraft:water_bucket":2,"minecraft:spruce_door":1,"minecraft:stone_pickaxe":106,"minecraft:baked_potato":1,"minecraft:wooden_pickaxe":11,"minecraft:spruce_sign":3,"minecraft:blue_bed":2,"minecraft:crafting_table":6,"minecraft:white_bed":4,"minecraft:spruce_log":1,"minecraft:iron_pickaxe":64,"minecraft:map":2,"minecraft:gravel":1,"minecraft:spruce_sapling":1,"minecraft:stone_axe":87,"minecraft:cobblestone":16,"minecraft:bucket":2,"minecraft:andesite":2}},"DataVersion":3953}