{"stats":{"minecraft:picked_up":{"minecraft:carrot":3},"minecraft:used":{"minecraft:carrot":8},"minecraft:dropped":{"minecraft:carrot":3},"minecraft:custom":{"minecraft:jump":883,"minecraft:open_chest":1,"minecraft:time_since_rest":23718,"minecraft:play_one_minute":23718,"minecraft:crouch_one_cm":741,"minecraft:leave_game":6,"minecraft:sprint_one_cm":51289,"minecraft:time_since_death":23718,"minecraft:walk_on_water_one_cm":675,"minecraft:walk_one_cm":24256,"minecraft:sneak_time":214,"minecraft:climb_one_cm":22151,"minecraft:damage_resisted":1820,"minecraft:drop":3,"minecraft:interact_with_lectern":17,"minecraft:fall_one_cm":46794,"minecraft:fly_one_cm":181995}},"DataVersion":2586}