{"stats":{"minecraft:crafted":{"minecraft:spruce_sign":3,"minecraft:crafting_table":3,"minecraft:spruce_planks":80,"minecraft:wooden_pickaxe":3,"minecraft:furnace":2,"minecraft:stone_axe":3,"minecraft:cooked_mutton":2,"minecraft:air":0,"minecraft:iron_boots":1,"minecraft:shield":1,"minecraft:stick":16,"minecraft:iron_ingot":6,"minecraft:stone_pickaxe":2,"minecraft:chest":2,"minecraft:spruce_boat":1,"minecraft:torch":4},"minecraft:custom":{"minecraft:interact_with_furnace":30,"minecraft:mob_kills":14,"minecraft:interact_with_crafting_table":29,"minecraft:leave_game":1,"minecraft:time_since_death":798,"minecraft:sleep_in_bed":4,"minecraft:time_since_rest":826,"minecraft:sprint_one_cm":148129,"minecraft:damage_taken":2127,"minecraft:walk_one_cm":103922,"minecraft:damage_blocked_by_shield":923,"minecraft:drop":26,"minecraft:damage_dealt":3642,"minecraft:swim_one_cm":3771,"minecraft:talked_to_villager":1,"minecraft:fly_one_cm":266769,"minecraft:player_kills":3,"minecraft:open_chest":25,"minecraft:crouch_one_cm":10487,"minecraft:play_time":47477,"minecraft:deaths":7,"minecraft:sneak_time":2974,"minecraft:walk_under_water_one_cm":3965,"minecraft:boat_one_cm":143720,"minecraft:jump":1437,"minecraft:walk_on_water_one_cm":3544,"minecraft:total_world_time":47477,"minecraft:fall_one_cm":39159},"minecraft:mined":{"minecraft:spruce_planks":1,"minecraft:white_bed":3,"minecraft:torch":1,"minecraft:crafting_table":6,"minecraft:glow_lichen":1,"minecraft:grass_block":3,"minecraft:spruce_wall_sign":2,"minecraft:cobblestone":7,"minecraft:spruce_leaves":1,"minecraft:composter":1,"minecraft:diorite":1,"minecraft:furnace":4,"minecraft:carrots":3,"minecraft:iron_ore":6,"minecraft:sweet_berry_bush":1,"minecraft:wheat":2,"minecraft:snow":2,"minecraft:andesite":2,"minecraft:spruce_log":36,"minecraft:stripped_spruce_log":3,"minecraft:potatoes":12,"minecraft:coal_ore":12,"minecraft:dirt":10,"minecraft:stone":57},"minecraft:picked_up":{"minecraft:wooden_axe":1,"minecraft:iron_chestplate":2,"minecraft:crafting_table":10,"minecraft:andesite":2,"minecraft:wooden_pickaxe":7,"minecraft:potato":24,"minecraft:filled_map":4,"minecraft:shield":9,"minecraft:gunpowder":4,"minecraft:blue_bed":2,"minecraft:string":2,"minecraft:dirt":31,"minecraft:iron_axe":3,"minecraft:raw_copper":4,"minecraft:wooden_sword":1,"minecraft:iron_shovel":4,"minecraft:bone":9,"minecraft:bow":2,"minecraft:wheat_seeds":5,"minecraft:bucket":3,"minecraft:spruce_planks":267,"minecraft:iron_ingot":12,"minecraft:beef":3,"minecraft:stone_pickaxe":7,"minecraft:iron_pickaxe":1,"minecraft:sugar_cane":4,"minecraft:furnace":7,"minecraft:iron_boots":2,"minecraft:egg":2,"minecraft:stick":25,"minecraft:raw_iron":11,"minecraft:sweet_berries":30,"minecraft:composter":2,"minecraft:torch":7,"minecraft:diorite":4,"minecraft:stripped_spruce_log":9,"minecraft:spruce_sapling":23,"minecraft:white_bed":6,"minecraft:spruce_log":38,"minecraft:carrot":6,"minecraft:spider_eye":2,"minecraft:spruce_door":1,"minecraft:arrow":6,"minecraft:rotten_flesh":24,"minecraft:spruce_boat":4,"minecraft:stone_axe":7,"minecraft:granite":16,"minecraft:spruce_sign":6,"minecraft:baked_potato":1,"minecraft:mutton":3,"minecraft:coal":44,"minecraft:snowball":4,"minecraft:white_wool":6,"minecraft:cobblestone":381},"minecraft:killed_by":{"minecraft:player":4,"minecraft:zombie":2},"minecraft:dropped":{"minecraft:stone_axe":2,"minecraft:sweet_berries":27,"minecraft:sugar_cane":2,"minecraft:wheat_seeds":1,"minecraft:crafting_table":2,"minecraft:rotten_flesh":1,"minecraft:cobblestone":8,"minecraft:filled_map":2,"minecraft:shield":1,"minecraft:spruce_planks":84,"minecraft:mutton":3,"minecraft:wooden_axe":1,"minecraft:wooden_sword":1,"minecraft:spruce_log":5,"minecraft:stone_pickaxe":2,"minecraft:wooden_pickaxe":4,"minecraft:white_wool":2},"minecraft:killed":{"minecraft:spider":1,"minecraft:iron_golem":1,"minecraft:skeleton":2,"minecraft:zombie":10},"minecraft:used":{"minecraft:cooked_mutton":2,"minecraft:spruce_door":1,"minecraft:iron_shovel":11,"minecraft:stone_pickaxe":88,"minecraft:baked_potato":1,"minecraft:chest":2,"minecraft:shield":24,"minecraft:spruce_planks":4,"minecraft:wooden_pickaxe":11,"minecraft:spruce_sign":3,"minecraft:torch":2,"minecraft:dirt":4,"minecraft:crafting_table":6,"minecraft:white_bed":3,"minecraft:spruce_log":1,"minecraft:spruce_boat":1,"minecraft:map":2,"minecraft:iron_boots":2,"minecraft:spruce_sapling":1,"minecraft:stone_axe":71,"minecraft:cobblestone":7,"minecraft:sweet_berries":3,"minecraft:furnace":5,"minecraft:andesite":2}},"DataVersion":3953}