{"stats":{"minecraft:crafted":{"minecraft:crafting_table":3,"minecraft:spruce_planks":80,"minecraft:wooden_pickaxe":3,"minecraft:furnace":1,"minecraft:stone_axe":3,"minecraft:cooked_mutton":2,"minecraft:air":0,"minecraft:shield":1,"minecraft:stick":16,"minecraft:iron_ingot":1,"minecraft:stone_pickaxe":2,"minecraft:spruce_boat":1},"minecraft:custom":{"minecraft:interact_with_furnace":6,"minecraft:mob_kills":4,"minecraft:interact_with_crafting_table":15,"minecraft:leave_game":1,"minecraft:time_since_death":14832,"minecraft:sleep_in_bed":1,"minecraft:time_since_rest":10494,"minecraft:sprint_one_cm":76489,"minecraft:damage_taken":992,"minecraft:walk_one_cm":42954,"minecraft:damage_blocked_by_shield":212,"minecraft:drop":25,"minecraft:damage_dealt":1922,"minecraft:talked_to_villager":1,"minecraft:fly_one_cm":176691,"minecraft:player_kills":2,"minecraft:open_chest":1,"minecraft:crouch_one_cm":1980,"minecraft:play_time":23477,"minecraft:deaths":3,"minecraft:sneak_time":819,"minecraft:boat_one_cm":143720,"minecraft:jump":725,"minecraft:total_world_time":23477,"minecraft:fall_one_cm":22730},"minecraft:mined":{"minecraft:spruce_planks":1,"minecraft:white_bed":1,"minecraft:crafting_table":6,"minecraft:grass_block":3,"minecraft:spruce_leaves":1,"minecraft:composter":1,"minecraft:carrots":3,"minecraft:iron_ore":1,"minecraft:sweet_berry_bush":1,"minecraft:wheat":2,"minecraft:snow":2,"minecraft:spruce_log":36,"minecraft:stripped_spruce_log":3,"minecraft:potatoes":12,"minecraft:dirt":4,"minecraft:stone":31},"minecraft:picked_up":{"minecraft:wooden_axe":1,"minecraft:crafting_table":8,"minecraft:wooden_pickaxe":6,"minecraft:potato":12,"minecraft:filled_map":2,"minecraft:shield":3,"minecraft:string":1,"minecraft:dirt":10,"minecraft:wooden_sword":1,"minecraft:iron_shovel":1,"minecraft:wheat_seeds":3,"minecraft:spruce_planks":235,"minecraft:beef":3,"minecraft:stone_pickaxe":3,"minecraft:sugar_cane":2,"minecraft:stick":17,"minecraft:raw_iron":1,"minecraft:sweet_berries":30,"minecraft:composter":1,"minecraft:stripped_spruce_log":3,"minecraft:spruce_sapling":23,"minecraft:white_bed":1,"minecraft:spruce_log":38,"minecraft:carrot":3,"minecraft:spruce_door":1,"minecraft:rotten_flesh":2,"minecraft:spruce_boat":1,"minecraft:stone_axe":2,"minecraft:mutton":3,"minecraft:snowball":2,"minecraft:white_wool":2,"minecraft:cobblestone":54},"minecraft:killed_by":{"minecraft:player":2},"minecraft:dropped":{"minecraft:stone_axe":2,"minecraft:sweet_berries":27,"minecraft:sugar_cane":2,"minecraft:wheat_seeds":1,"minecraft:crafting_table":2,"minecraft:cobblestone":8,"minecraft:filled_map":2,"minecraft:shield":1,"minecraft:spruce_planks":84,"minecraft:mutton":3,"minecraft:wooden_axe":1,"minecraft:wooden_sword":1,"minecraft:spruce_log":5,"minecraft:stone_pickaxe":2,"minecraft:wooden_pickaxe":4,"minecraft:white_wool":2},"minecraft:killed":{"minecraft:spider":1,"minecraft:iron_golem":1,"minecraft:zombie":2},"minecraft:used":{"minecraft:cooked_mutton":2,"minecraft:iron_shovel":5,"minecraft:stone_pickaxe":29,"minecraft:shield":2,"minecraft:spruce_planks":3,"minecraft:wooden_pickaxe":11,"minecraft:dirt":4,"minecraft:crafting_table":5,"minecraft:spruce_log":1,"minecraft:spruce_boat":1,"minecraft:map":2,"minecraft:spruce_sapling":1,"minecraft:stone_axe":45,"minecraft:sweet_berries":3,"minecraft:furnace":1}},"DataVersion":3953}