{"stats":{"minecraft:picked_up":{"minecraft:carrot":3},"minecraft:used":{"minecraft:carrot":15},"minecraft:dropped":{"minecraft:carrot":3},"minecraft:custom":{"minecraft:jump":1701,"minecraft:open_chest":1,"minecraft:time_since_rest":41718,"minecraft:play_one_minute":41718,"minecraft:crouch_one_cm":1183,"minecraft:leave_game":6,"minecraft:sprint_one_cm":103203,"minecraft:time_since_death":41718,"minecraft:walk_on_water_one_cm":763,"minecraft:walk_one_cm":35463,"minecraft:walk_under_water_one_cm":208,"minecraft:sneak_time":458,"minecraft:climb_one_cm":40388,"minecraft:damage_resisted":3360,"minecraft:drop":3,"minecraft:interact_with_lectern":24,"minecraft:fall_one_cm":86805,"minecraft:fly_one_cm":404779}},"DataVersion":2586}