{"stats":{"minecraft:custom":{"minecraft:time_since_rest":17974,"minecraft:interact_with_furnace":37,"minecraft:sprint_one_cm":46597,"minecraft:damage_taken":838,"minecraft:walk_one_cm":53411,"minecraft:mob_kills":30,"minecraft:damage_dealt":4162,"minecraft:interact_with_crafting_table":18,"minecraft:fly_one_cm":107341,"minecraft:crouch_one_cm":2192,"minecraft:play_time":17974,"minecraft:sneak_time":833,"minecraft:jump":553,"minecraft:time_since_death":17974,"minecraft:total_world_time":17974,"minecraft:fall_one_cm":19388},"minecraft:crafted":{"minecraft:cooked_beef":12,"minecraft:oak_planks":16,"minecraft:shield":1,"minecraft:crafting_table":2,"minecraft:stick":12,"minecraft:iron_pickaxe":1,"minecraft:iron_ingot":14,"minecraft:wooden_pickaxe":1,"minecraft:stone_pickaxe":1,"minecraft:iron_sword":1,"minecraft:furnace":2,"minecraft:torch":16,"minecraft:birch_planks":12,"minecraft:stone_axe":1,"minecraft:air":0},"minecraft:mined":{"minecraft:furnace":3,"minecraft:iron_ore":15,"minecraft:birch_log":5,"minecraft:crafting_table":2,"minecraft:dark_oak_fence":1,"minecraft:short_grass":1,"minecraft:coal_ore":15,"minecraft:oak_log":4,"minecraft:dirt":2,"minecraft:cobblestone":1,"minecraft:stone":28,"minecraft:gold_ore":1,"minecraft:oak_leaves":2},"minecraft:picked_up":{"minecraft:birch_log":5,"minecraft:raw_iron":16,"minecraft:stick":1,"minecraft:crafting_table":1,"minecraft:chicken":1,"minecraft:leather":7,"minecraft:porkchop":12,"minecraft:oak_log":4,"minecraft:dirt":15,"minecraft:arrow":2,"minecraft:bone":2,"minecraft:rotten_flesh":8,"minecraft:raw_gold":1,"minecraft:beef":12,"minecraft:dark_oak_fence":1,"minecraft:mutton":8,"minecraft:coal":27,"minecraft:white_wool":3,"minecraft:cobblestone":31,"minecraft:furnace":3},"minecraft:killed":{"minecraft:skeleton":1,"minecraft:sheep":4,"minecraft:zombie":9,"minecraft:pig":6,"minecraft:chicken":1,"minecraft:cow":8},"minecraft:used":{"minecraft:stone_pickaxe":50,"minecraft:iron_pickaxe":10,"minecraft:wooden_pickaxe":3,"minecraft:iron_sword":15,"minecraft:stone_axe":57,"minecraft:torch":4,"minecraft:dirt":4,"minecraft:crafting_table":3,"minecraft:furnace":4,"minecraft:cooked_beef":8}},"DataVersion":3953}