{"stats":{"minecraft:custom":{"minecraft:interact_with_furnace":61,"minecraft:mob_kills":33,"minecraft:interact_with_crafting_table":21,"minecraft:time_since_death":2553,"minecraft:sleep_in_bed":3,"minecraft:time_since_rest":2579,"minecraft:sprint_one_cm":72392,"minecraft:damage_taken":1931,"minecraft:walk_one_cm":69980,"minecraft:damage_blocked_by_shield":730,"minecraft:drop":4,"minecraft:damage_dealt":4867,"minecraft:swim_one_cm":797,"minecraft:fly_one_cm":170514,"minecraft:crouch_one_cm":3734,"minecraft:play_time":29974,"minecraft:deaths":2,"minecraft:sneak_time":1292,"minecraft:walk_under_water_one_cm":3114,"minecraft:jump":934,"minecraft:walk_on_water_one_cm":5333,"minecraft:total_world_time":29974,"minecraft:fall_one_cm":32906},"minecraft:crafted":{"minecraft:cooked_beef":12,"minecraft:oak_planks":16,"minecraft:cooked_porkchop":4,"minecraft:crafting_table":2,"minecraft:wooden_pickaxe":1,"minecraft:iron_sword":1,"minecraft:furnace":2,"minecraft:bucket":1,"minecraft:birch_planks":12,"minecraft:stone_axe":1,"minecraft:cooked_mutton":2,"minecraft:air":0,"minecraft:iron_chestplate":1,"minecraft:shield":1,"minecraft:stick":12,"minecraft:iron_ingot":19,"minecraft:iron_pickaxe":1,"minecraft:stone_pickaxe":1,"minecraft:white_bed":1,"minecraft:torch":16},"minecraft:mined":{"minecraft:deepslate_diamond_ore":2,"minecraft:crafting_table":2,"minecraft:glow_lichen":1,"minecraft:dark_oak_fence":1,"minecraft:short_grass":1,"minecraft:cobblestone":3,"minecraft:furnace":3,"minecraft:birch_log":5,"minecraft:iron_ore":30,"minecraft:oak_log":4,"minecraft:coal_ore":15,"minecraft:dirt":2,"minecraft:stone":28,"minecraft:gold_ore":1,"minecraft:deepslate":5,"minecraft:oak_leaves":2},"minecraft:picked_up":{"minecraft:birch_log":7,"minecraft:iron_chestplate":2,"minecraft:crafting_table":1,"minecraft:chicken":2,"minecraft:water_bucket":1,"minecraft:leather":21,"minecraft:wooden_pickaxe":1,"minecraft:birch_planks":2,"minecraft:oak_log":4,"minecraft:shield":1,"minecraft:dirt":26,"minecraft:bone":4,"minecraft:wheat_seeds":3,"minecraft:cobbled_deepslate":8,"minecraft:raw_gold":3,"minecraft:iron_ingot":2,"minecraft:beef":12,"minecraft:iron_pickaxe":1,"minecraft:oak_planks":26,"minecraft:iron_sword":2,"minecraft:furnace":4,"minecraft:stick":1,"minecraft:raw_iron":30,"minecraft:cooked_porkchop":4,"minecraft:torch":2,"minecraft:porkchop":24,"minecraft:arrow":9,"minecraft:rotten_flesh":25,"minecraft:diamond":4,"minecraft:stone_axe":2,"minecraft:mutton":8,"minecraft:dark_oak_fence":3,"minecraft:coal":27,"minecraft:white_wool":3,"minecraft:cobblestone":44},"minecraft:killed_by":{"minecraft:skeleton":2},"minecraft:dropped":{"minecraft:wheat_seeds":1,"minecraft:rotten_flesh":2,"minecraft:raw_gold":1},"minecraft:killed":{"minecraft:pig":6,"minecraft:sheep":4,"minecraft:skeleton":3,"minecraft:zombie":10,"minecraft:chicken":1,"minecraft:cow":8},"minecraft:used":{"minecraft:cooked_mutton":2,"minecraft:water_bucket":13,"minecraft:stone_pickaxe":50,"minecraft:wooden_pickaxe":3,"minecraft:shield":11,"minecraft:iron_sword":27,"minecraft:iron_chestplate":1,"minecraft:torch":17,"minecraft:dirt":15,"minecraft:crafting_table":3,"minecraft:white_bed":1,"minecraft:lava_bucket":1,"minecraft:iron_pickaxe":35,"minecraft:stone_axe":57,"minecraft:cobblestone":5,"minecraft:furnace":4,"minecraft:cooked_porkchop":1,"minecraft:bucket":14,"minecraft:cooked_beef":12}},"DataVersion":3953}