{
    "pools": [
        {
            "rolls": 1,
            "entries": [
                {
                    "type": "item",
                    "weight": 1,
                    "name": "minecraft:enchanted_book",
                    "quality": 1,
                    "functions": [
                        {
                            "function": "set_nbt",
                            "tag": "{StoredEnchantments:[{lvl:4s,id:\"minecraft:protection\"}]}"
                        }
                    ]
                }
                
            ]
        },
        {
            "rolls": 1,
            "entries": [
                {
                    "type": "item",
                    "weight": 1,
                    "name": "minecraft:enchanted_book",
                    "quality": 1,
                    "functions": [
                        {
                            "function": "set_nbt",
                            "tag": "{StoredEnchantments:[{lvl:4s,id:\"minecraft:sharpness\"}]}"
                        }
                    ]
                },
                {
                    "type": "item",
                    "weight": 1,
                    "name": "minecraft:enchanted_book",
                    "quality": 1,
                    "functions": [
                        {
                            "function": "set_nbt",
                            "tag": "{StoredEnchantments:[{lvl:4s,id:\"minecraft:power\"}]}"
                        }
                    ]
                },
                {
                    "type": "item",
                    "weight": 1,
                    "name": "minecraft:enchanted_book",
                    "quality": 1,
                    "functions": [
                        {
                            "function": "set_nbt",
                            "tag": "{StoredEnchantments:[{lvl:5s,id:\"minecraft:efficiency\"}]}"
                        }
                    ]
                }
                
            ]
        },
        {
            "rolls": 1,
            "entries": [
                {
                    "type": "item",
                    "weight": 1,
                    "name": "minecraft:enchanted_book",
                    "quality": 1,
                    "functions": [
                        {
                            "function": "set_nbt",
                            "tag": "{StoredEnchantments:[{lvl:3s,id:\"minecraft:unbreaking\"}]}"
                        },
                        {
                            "function": "set_count",
                            "count": {
                              "min": 0,
                              "max": 1
                            }
                        }
                    ]
                }
            ]
        },
        {
            "rolls": 1,
            "entries": [
                {
                    "type": "item",
                    "weight": 1,
                    "name": "minecraft:netherite_scrap",
                    "quality": 1,
                    "functions": [
                        {
                            "function": "set_nbt",
                            "tag": "{StoredEnchantments:[{lvl:3s,id:\"minecraft:unbreaking\"}]}"
                        },
                        {
                            "function": "set_count",
                            "count": {
                              "min": 2,
                              "max": 2
                            }
                        }
                    ]
                }
            ]
        },
        {
            "rolls": 1,
            "entries": [
                {
                    "type": "item",
                    "weight": 1,
                    "name": "minecraft:arrow",
                    "quality": 1,
                    "functions": [
                        {
                            "function": "set_count",
                            "count": {
                              "min": 64,
                              "max": 64
                            }
                        }
                    ]
                }
            ]
        },
        {
            "rolls": 1,
            "entries": [
                {
                    "type": "item",
                    "weight": 1,
                    "name": "minecraft:gold_nugget",
                    "quality": 1,
                    "functions": [
                        {
                            "function": "set_count",
                            "count": {
                              "min": 2,
                              "max": 5
                            }
                        }
                    ]
                }
            ]
        },
        {
            "rolls": 1,
            "entries": [
                {
                    "type": "item",
                    "weight": 1,
                    "name": "minecraft:golden_apple",
                    "quality": 1,
                    "functions": [
                        {
                            "function": "set_count",
                            "count": {
                              "min": 4,
                              "max": 8
                            }
                        }
                    ]
                }
            ]
        },
        {
            "rolls": 1,
            "entries": [
                {
                    "type": "item",
                    "weight": 1,
                    "name": "minecraft:gold_ingot",
                    "quality": 1,
                    "functions": [
                        {
                            "function": "set_count",
                            "count": {
                              "min": 24,
                              "max": 38
                            }
                        }
                    ]
                }
            ]
        },
        {
            "rolls": 2,
            "entries": [
                {
                    "type": "item",
                    "weight": 1,
                    "name": "minecraft:splash_potion",
                    "quality": 1,
                    "functions": [
                        {
                            "function": "set_nbt",
                            "tag": "{HideFlags:127,CustomPotionEffects:[{Id:26b,Amplifier:5b,Duration:999999}],CustomPotionColor:13500163,display:{Name:'{\"translate\":\"item.splash_potion.13.name.1\"}',Lore:['{\"translate\":\"empty\"}','{\"translate\":\"item.splash_potion.13.lore.1.1\"}','{\"translate\":\"item.splash_potion.13.lore.2.1\"}','{\"translate\":\"item.splash_potion.13.lore.3.1\"}','{\"translate\":\"empty\"}','{\"translate\":\"item.splash_potion.13.lore.5.1\"}','{\"translate\":\"empty\"}','{\"translate\":\"item.heart_of_the_sea.1.lore.7.1\"}','{\"translate\":\"empty\"}']}}"
                        },
                        {
                            "function": "set_count",
                            "count": {
                              "min": 1,
                              "max": 4
                            }
                        }
                    ]
                },
                {
                    "type": "item",
                    "weight": 1,
                    "name": "minecraft:splash_potion",
                    "quality": 1,
                    "functions": [
                        {
                            "function": "set_nbt",
                            "tag": "{HideFlags:127,CustomPotionEffects:[{Id:26b,Amplifier:6b,Duration:999999}],CustomPotionColor:254719,display:{Name:'{\"translate\":\"item.splash_potion.11.name.1\"}',Lore:['{\"translate\":\"empty\"}','{\"translate\":\"item.splash_potion.11.lore.1.1\"}','{\"translate\":\"empty\"}','{\"translate\":\"item.heart_of_the_sea.1.lore.7.1\"}','{\"translate\":\"empty\"}']}}"
                        },
                        {
                            "function": "set_count",
                            "count": {
                              "min": 3,
                              "max": 5
                            }
                        }
                    ]
                },
                {
                    "type": "item",
                    "weight": 1,
                    "name": "minecraft:splash_potion",
                    "quality": 1,
                    "functions": [
                        {
                            "function": "set_nbt",
                            "tag": "{HideFlags:127,CustomPotionEffects:[{Id:26b,Amplifier:8b,Duration:999999}],CustomPotionColor:16777215,display:{Name:'{\"translate\":\"item.splash_potion.9.name.1\"}',Lore:['{\"translate\":\"empty\"}','{\"translate\":\"item.splash_potion.9.lore.1.1\"}','{\"translate\":\"item.splash_potion.9.lore.2.1\"}','{\"translate\":\"item.splash_potion.9.lore.3.1\"}','{\"translate\":\"empty\"}','{\"translate\":\"item.heart_of_the_sea.1.lore.7.1\"}','{\"translate\":\"empty\"}']}}"
                        },
                        {
                            "function": "set_count",
                            "count": {
                              "min": 3,
                              "max": 5
                            }
                        }
                    ]
                }
            ]
        },
        {
            "rolls": 1,
            "entries": [
                {
                    "type": "item",
                    "weight": 1,
                    "name": "minecraft:daylight_detector",
                    "quality": 1,
                    "functions": [
                        {
                            "function": "set_nbt",
                            "tag": "{CanPlaceOn:[\"minecraft:structure_void\"],display:{Name:'{\"translate\":\"item.daylight_detector.1.name.1\"}',Lore:['{\"translate\":\"empty\"}','{\"translate\":\"item.heart_of_the_sea.1.lore.1.1\"}','[{\"translate\":\"item.daylight_detector.1.lore.2.1\"}]','{\"translate\":\"item.daylight_detector.1.lore.3.1\"}','{\"translate\":\"item.daylight_detector.1.lore.4.1\"}','{\"translate\":\"empty\"}','{\"translate\":\"item.daylight_detector.1.lore.6.1\"}','{\"translate\":\"empty\"}','{\"translate\":\"item.heart_of_the_sea.1.lore.7.1\"}','{\"translate\":\"empty\"}']},HideFlags:16,lanzable:1,agujero_negro:1}"
                        },
                        {
                            "function": "set_count",
                            "count": {
                              "min": 9,
                              "max": 15
                            }
                        }
                    ]
                },
                {
                    "type": "item",
                    "weight": 1,
                    "name": "minecraft:heart_of_the_sea",
                    "quality": 1,
                    "functions": [
                        {
                            "function": "set_nbt",
                            "tag": "{CanPlaceOn:[\"minecraft:structure_void\"],display:{Name:'{\"translate\":\"item.heart_of_the_sea.1.name.1\"}',Lore:['{\"translate\":\"empty\"}','{\"translate\":\"item.heart_of_the_sea.1.lore.1.1\"}','[{\"translate\":\"item.heart_of_the_sea.1.lore.2.1\"}]','{\"translate\":\"item.heart_of_the_sea.1.lore.3.1\"}','{\"translate\":\"item.heart_of_the_sea.1.lore.4.1\"}','{\"translate\":\"item.heart_of_the_sea.1.lore.5.1\"}','{\"translate\":\"empty\"}','{\"translate\":\"item.heart_of_the_sea.1.lore.7.1\"}','{\"translate\":\"empty\"}']},HideFlags:16,lanzable:1,nucleo_tesla:1}"
                        },
                        {
                            "function": "set_count",
                            "count": {
                              "min": 9,
                              "max": 15
                            }
                        }
                    ]
                }
            ]
        },
        {
            "rolls": 1,
            "entries": [
                {
                    "type": "item",
                    "weight": 125,
                    "name": "minecraft:carrot_on_a_stick",
                    "quality": 1,
                    "functions": [
                        {
                            "function": "set_nbt",
                            "tag": "{CustomModelData:666,RepairCost:999999,Unbreakable:1,display:{Name:'{\"translate\":\"item.carrot_on_a_stick.1.name.1\"}',Lore:['{\"translate\":\"empty\"}','{\"translate\":\"item.carrot_on_a_stick.1.lore.1.1\"}','{\"translate\":\"empty\"}','{\"translate\":\"item.carrot_on_a_stick.1.lore.3.1\"}','{\"translate\":\"item.carrot_on_a_stick.1.lore.4.1\"}','{\"translate\":\"item.carrot_on_a_stick.1.lore.5.1\"}','{\"translate\":\"empty\"}','{\"translate\":\"item.carrot_on_a_stick.1.lore.7.1\"}','{\"translate\":\"empty\"}','{\"translate\":\"item.carrot_on_a_stick.1.lore.9.1\"}','{\"translate\":\"empty\"}']},martillo_bedrock:1,martillo:1}"
                        },
                        {
                            "function": "set_count",
                            "count": {
                              "min": 1,
                              "max": 1
                            }
                        }
                    ]
                },
                {
                    "type": "item",
                    "weight": 150,
                    "name": "minecraft:carrot_on_a_stick",
                    "quality": 1,
                    "functions": [
                        {
                            "function": "set_nbt",
                            "tag": "{CustomModelData:1111,RepairCost:999999,Unbreakable:1,display:{Name:'{\"translate\":\"item.carrot_on_a_stick.2.name.1\"}',Lore:['{\"translate\":\"empty\"}','{\"translate\":\"item.carrot_on_a_stick.1.lore.1.1\"}','{\"translate\":\"empty\"}','{\"translate\":\"item.carrot_on_a_stick.1.lore.3.1\"}','{\"translate\":\"item.carrot_on_a_stick.2.lore.4.1\"}','{\"translate\":\"luisb1202.loot_tables.blocks.mimic.1\"}','{\"translate\":\"empty\"}','{\"translate\":\"item.carrot_on_a_stick.2.lore.7.1\"}','{\"translate\":\"empty\"}','{\"translate\":\"item.carrot_on_a_stick.1.lore.9.1\"}','{\"translate\":\"empty\"}']},martillo_obsidiana:1,martillo:1}"
                        },
                        {
                            "function": "set_count",
                            "count": {
                              "min": 1,
                              "max": 1
                            }
                        }
                    ]
                },
                {
                    "type": "item",
                    "weight": 100,
                    "name": "minecraft:carrot_on_a_stick",
                    "quality": 1,
                    "functions": [
                        {
                            "function": "set_nbt",
                            "tag": "{CustomModelData:1555,RepairCost:999999,Unbreakable:1,display:{Name:'{\"translate\":\"item.carrot_on_a_stick.4.name.1\"}',Lore:['{\"translate\":\"empty\"}','{\"translate\":\"item.carrot_on_a_stick.4.lore.1.1\"}','{\"translate\":\"empty\"}','{\"translate\":\"item.carrot_on_a_stick.4.lore.3.1\"}','{\"translate\":\"item.carrot_on_a_stick.4.lore.4.1\"}','{\"translate\":\"item.carrot_on_a_stick.4.lore.5.1\"}','{\"translate\":\"item.carrot_on_a_stick.4.lore.6.1\"}','{\"translate\":\"item.carrot_on_a_stick.4.lore.7.1\"}','{\"translate\":\"empty\"}','{\"translate\":\"item.carrot_on_a_stick.4.lore.9.1\"}','{\"translate\":\"item.carrot_on_a_stick.4.lore.10.1\"}','{\"translate\":\"empty\"}','{\"translate\":\"item.carrot_on_a_stick.4.lore.12.1\"}','{\"translate\":\"empty\"}']},gancho_alien:1,gancho:1}"
                        },
                        {
                            "function": "set_count",
                            "count": {
                              "min": 1,
                              "max": 1
                            }
                        }
                    ]
                },
                {
                    "type": "item",
                    "weight": 125,
                    "name": "minecraft:carrot_on_a_stick",
                    "quality": 1,
                    "functions": [
                        {
                            "function": "set_nbt",
                            "tag": "{CustomModelData:1444,RepairCost:999999,Unbreakable:1,display:{Name:'{\"translate\":\"item.carrot_on_a_stick.8.name.1\"}',Lore:['{\"translate\":\"empty\"}','{\"translate\":\"item.carrot_on_a_stick.4.lore.1.1\"}','{\"translate\":\"empty\"}','{\"translate\":\"item.carrot_on_a_stick.4.lore.3.1\"}','{\"translate\":\"item.carrot_on_a_stick.4.lore.4.1\"}','{\"translate\":\"item.carrot_on_a_stick.4.lore.5.1\"}','{\"translate\":\"item.carrot_on_a_stick.4.lore.6.1\"}','{\"translate\":\"item.carrot_on_a_stick.4.lore.7.1\"}','{\"translate\":\"empty\"}','{\"translate\":\"item.carrot_on_a_stick.8.lore.9.1\"}','{\"translate\":\"item.carrot_on_a_stick.8.lore.10.1\"}','{\"translate\":\"empty\"}','{\"translate\":\"item.carrot_on_a_stick.1.lore.9.1\"}','{\"translate\":\"empty\"}']},gancho_bosque:1,gancho:1}"
                        },
                        {
                            "function": "set_count",
                            "count": {
                              "min": 1,
                              "max": 1
                            }
                        }
                    ]
                }
            ]
        }   
        
    ]
}